specimen_id,peak_load_N,width_mm,thickness_mm,recorded_strength_MPa
1-1-5-A-90,2193.0,24.5,1.229666666666667,73.58
1-1-5-B-90,1181.0,24.276666666666667,1.3886666666666667,34.31
1-1-5-C-90,2434.0,24.28,1.1713333333333331,84.91
1-1-5-D-90,2529.0,24.363333333333333,1.1666666666666663,88.05
1-1-5-E-90,3323.0,24.393333333333334,1.306,100.57
1-2-8-A-90,3219.0,23.886666666666667,1.2253333333333334,109.57
1-2-8-E-90,2917.0,23.836666666666662,1.3103333333333331,92.57
1-2-8-1-90,883.0,23.69333333333333,1.4116666666666664,26.28
1-2-8-2-90,3871.0,23.676666666666662,1.356,119.61
1-2-8-3-90,3708.0,23.963333333333335,1.272333333333333,120.08
1-2-8-4-90,3136.0,23.926666666666662,1.2060000000000002,107.77
1-2-8-5-90,3685.0,23.84,1.2603333333333333,121.78
1-2-8-6-90,1124.0,23.83,1.168,40.51
1-2-3-A-90,2486.0,24.27,1.2046666666666666,83.86
1-2-3-B-90,1372.0,24.12,1.3263333333333334,26.36
1-2-3-C-90,671.0,24.25,1.2186666666666666,22.537
1-2-3-D-90,2135.0,24.366666666666664,1.211666666666667,72.19
1-2-3-E-90,1485.0,24.30333333333333,1.257,48.01
1-6-1-A-90,3356.0,24.58,1.4016666666666666,97.81
1-6-1-B-90,1343.0,24.713333333333335,1.536333333333333,34.91
1-6-1-C-90,2431.0,24.81,1.4456666666666669,68.06
1-6-1-D-90,3495.0,24.746666666666663,1.349,105.94
1-6-1-E-90,2616.0,24.679999999999996,1.466,72.05
