curve_id,specimen_mark,specimen_type,surface_treatment,load_mode,fully_reversed,stress_amplitude_MPa,cycles,is_runout,point_comment
1,10,"solid bar, circular, unnotched",turned,push-pull,True,700.0,9290,False,crack (central part)
1,11,"solid bar, circular, unnotched",turned,push-pull,True,550.0,87107,False,broken
1,12,"solid bar, circular, unnotched",turned,push-pull,True,500.0,514828,False,"broken, metallography"
1,13,"solid bar, circular, unnotched",turned,push-pull,True,520.0,482531,False,crack (central part)
1,15,"solid bar, circular, unnotched",turned,push-pull,True,480.0,42761351,True,
1,15B,"solid bar, circular, unnotched",turned,push-pull,True,720.0,7095,False,broken
1,16,"solid bar, circular, unnotched",turned,push-pull,True,500.0,10172700,True,
1,16B,"solid bar, circular, unnotched",turned,push-pull,True,740.0,3169,False,no crack found
1,17,"solid bar, circular, unnotched",turned,push-pull,True,510.0,445521,False,crack (central part)
1,8,"solid bar, circular, unnotched",turned,push-pull,True,600.0,54496,False,crack (central part)
1,9,"solid bar, circular, unnotched",turned,push-pull,True,650.0,27701,False,crack (central part)
2,1,"solid bar, circular, unnotched",turned,push-pull,True,600.0,16188,False,no crack
2,10,"solid bar, circular, unnotched",turned,push-pull,True,525.0,247962,False,crack (transition to fillet)
2,2,"solid bar, circular, unnotched",turned,push-pull,True,550.0,79927,False,crack (transition to fillet)
2,3,"solid bar, circular, unnotched",turned,push-pull,True,500.0,385388,False,crack (central part)
2,4,"solid bar, circular, unnotched",turned,push-pull,True,575.0,43062,False,broken in the 2nd run
2,5,"solid bar, circular, unnotched",turned,push-pull,True,450.0,10000000,True,
2,6,"solid bar, circular, unnotched",turned,push-pull,True,480.0,1966321,False,"crack, radiography"
2,7,"solid bar, circular, unnotched",turned,push-pull,True,640.0,6647,False,no crack
2,8,"solid bar, circular, unnotched",turned,push-pull,True,470.0,10000000,True,
2,8B,"solid bar, circular, unnotched",turned,push-pull,True,640.0,4888,False,no crack
2,9,"solid bar, circular, unnotched",turned,push-pull,True,490.0,687077,False,"crack (transition to fillet), radiography"
3,1,"solid bar, circular, unnotched",turned,push-pull,True,553.3,219101,False,crack (central part)
3,10,"solid bar, circular, unnotched",turned,push-pull,True,490.0,6200803,False,metallography
3,2,"solid bar, circular, unnotched",turned,push-pull,True,497.5,542000,False,crack (central part)
3,3,"solid bar, circular, unnotched",turned,push-pull,True,602.1,48213,False,crack (central part)
3,4,"solid bar, circular, unnotched",turned,push-pull,True,530.0,244258,False,broken
3,5,"solid bar, circular, unnotched",turned,push-pull,True,650.0,7023,False,broken
3,6,"solid bar, circular, unnotched",turned,push-pull,True,510.0,593010,False,crack (central part)
3,7,"solid bar, circular, unnotched",turned,push-pull,True,510.0,1049796,False,"broken, radiography"
3,8,"solid bar, circular, unnotched",turned,push-pull,True,650.0,7268,False,crack (central part)
3,9,"solid bar, circular, unnotched",turned,push-pull,True,480.0,6212392,False,"crack (central part), radiography"
4,1,"solid bar, circular, unnotched",turned,push-pull,True,480.0,2036795,False,crack (transition fillet)
4,10,"solid bar, circular, unnotched",turned,push-pull,True,490.0,768957,False,"metallography, no crack found"
4,2,"solid bar, circular, unnotched",turned,push-pull,True,470.0,1602723,True,"broken at threads, radiography"
4,3,"solid bar, circular, unnotched",turned,push-pull,True,600.0,11362,False,no crack
4,4,"solid bar, circular, unnotched",turned,push-pull,True,550.0,66638,False,no crack
4,5,"solid bar, circular, unnotched",turned,push-pull,True,500.0,1020122,False,"no crack, radiography"
4,6,"solid bar, circular, unnotched",turned,push-pull,True,575.0,24209,False,no crack
4,7,"solid bar, circular, unnotched",turned,push-pull,True,650.0,2284,False,no crack
4,8,"solid bar, circular, unnotched",turned,push-pull,True,530.0,179247,False,no crack
4,9,"solid bar, circular, unnotched",turned,push-pull,True,510.0,634817,False,crack (transition fillet)
5,1,"hollow bar, unnotched",turned,push-pull,True,600.0,31061,False,
5,10,"hollow bar, unnotched",turned,push-pull,True,530.0,234635,False,
5,2,"hollow bar, unnotched",turned,push-pull,True,650.0,15942,False,
5,3,"hollow bar, unnotched",turned,push-pull,True,550.0,26183,False,
5,4,"hollow bar, unnotched",turned,push-pull,True,550.0,159012,False,
5,5,"hollow bar, unnotched",turned,push-pull,True,530.0,246761,False,
5,6,"hollow bar, unnotched",turned,push-pull,True,525.0,503907,False,
5,7,"hollow bar, unnotched",turned,push-pull,True,520.0,137306,False,
5,8,"hollow bar, unnotched",turned,push-pull,True,510.0,20899649,True,
5,8B,"hollow bar, unnotched",turned,push-pull,True,700.0,8404,False,
5,9,"hollow bar, unnotched",turned,push-pull,True,520.0,10035415,True,
5,9B,"hollow bar, unnotched",turned,push-pull,True,750.0,4995,False,
6,1,"hollow bar, unnotched",turned,push-pull,True,594.8,28750,False,
6,10,"hollow bar, unnotched",turned,push-pull,True,500.2,16725927,False,
6,2,"hollow bar, unnotched",turned,push-pull,True,499.9,310828,False,
6,3,"hollow bar, unnotched",turned,push-pull,True,562.7,73450,False,
6,4,"hollow bar, unnotched",turned,push-pull,True,429.8,10000000,True,
6,4B,"hollow bar, unnotched",turned,push-pull,True,644.8,5125,False,
6,5,"hollow bar, unnotched",turned,push-pull,True,500.0,168515,False,
6,6,"hollow bar, unnotched",turned,push-pull,True,627.1,28019,False,
6,7,"hollow bar, unnotched",turned,push-pull,True,452.1,10000000,True,
6,7B,"hollow bar, unnotched",turned,push-pull,True,678.2,4507,False,
6,8,"hollow bar, unnotched",turned,push-pull,True,500.0,108534,False,
6,9,"hollow bar, unnotched",turned,push-pull,True,451.3,35000000,True,
6,9B,"hollow bar, unnotched",turned,push-pull,True,701.9,1657,False,
7,1,"hollow bar, unnotched",turned,push-pull,True,600.0,115808,False,
7,10,"hollow bar, unnotched",turned,push-pull,True,542.5,60000000,True,
7,10B,"hollow bar, unnotched",turned,push-pull,True,750.0,3981,False,
7,2,"hollow bar, unnotched",turned,push-pull,True,550.0,295584,False,
7,3,"hollow bar, unnotched",turned,push-pull,True,675.0,55141,False,
7,4,"hollow bar, unnotched",turned,push-pull,True,650.0,49331,False,
7,5,"hollow bar, unnotched",turned,push-pull,True,500.0,66380216,True,
7,5B,"hollow bar, unnotched",turned,push-pull,True,730.0,3001,False,
7,6,"hollow bar, unnotched",turned,push-pull,True,550.0,261497,False,
7,7,"hollow bar, unnotched",turned,push-pull,True,700.0,14447,False,
7,8,"hollow bar, unnotched",turned,push-pull,True,520.0,2161482,False,
7,9,"hollow bar, unnotched",turned,push-pull,True,535.0,14075737,True,
7,9B,"hollow bar, unnotched",turned,push-pull,True,715.0,14266,False,
8,1,"hollow bar, unnotched",turned,push-pull,True,550.0,87352,False,
8,10,"hollow bar, unnotched",turned,push-pull,True,490.0,186845,False,
8,2,"hollow bar, unnotched",turned,push-pull,True,600.0,45862,False,
8,3,"hollow bar, unnotched",turned,push-pull,True,650.0,25852,False,
8,4,"hollow bar, unnotched",turned,push-pull,True,520.0,122516,False,
8,5,"hollow bar, unnotched",turned,push-pull,True,700.0,4918,False,
8,6,"hollow bar, unnotched",turned,push-pull,True,680.0,8118,False,
8,7,"hollow bar, unnotched",turned,push-pull,True,490.0,10024790,True,
8,7B,"hollow bar, unnotched",turned,push-pull,True,720.0,1170,False,
8,8,"hollow bar, unnotched",turned,push-pull,True,510.0,128075,False,
8,9,"hollow bar, unnotched",turned,push-pull,True,500.0,186490,False,
10,18,"solid bar, circular, unnotched",turned,push-pull,False,600.0,130306,False,
10,19,"solid bar, circular, unnotched",turned,push-pull,False,650.0,12647,False,
10,2,"solid bar, circular, unnotched",turned,push-pull,False,510.0,10845119,True,
10,20,"solid bar, circular, unnotched",turned,push-pull,False,570.0,200371,False,
10,21,"solid bar, circular, unnotched",turned,push-pull,False,550.0,348437,False,
10,2B,"solid bar, circular, unnotched",turned,push-pull,False,675.0,34734,False,
10,3,"solid bar, circular, unnotched",turned,push-pull,False,520.0,584964,False,
10,4,"solid bar, circular, unnotched",turned,push-pull,False,630.0,61082,False,
10,5,"solid bar, circular, unnotched",turned,push-pull,False,650.0,36635,False,
10,6,"solid bar, circular, unnotched",turned,push-pull,False,530.0,520076,False,
14,1,"solid bar, circular, unnotched",turned,push-pull,True,565.0,249280,False,
14,10,"solid bar, circular, unnotched",turned,push-pull,True,538.0,10000000,True,
14,10B,"solid bar, circular, unnotched",turned,push-pull,True,750.0,5122,False,
14,2,"solid bar, circular, unnotched",turned,push-pull,True,543.0,750578,False,
14,4,"solid bar, circular, unnotched",turned,push-pull,True,650.0,40287,False,
14,5,"solid bar, circular, unnotched",turned,push-pull,True,521.0,10000000,True,
14,5B,"solid bar, circular, unnotched",turned,push-pull,True,820.0,3595,False,
14,6,"solid bar, circular, unnotched",turned,push-pull,True,600.0,138351,False,
14,7,"solid bar, circular, unnotched",turned,push-pull,True,500.0,10000000,True,
14,7B,"solid bar, circular, unnotched",turned,push-pull,True,700.0,18247,False,
14,8,"solid bar, circular, unnotched",turned,push-pull,True,532.0,10000000,True,
14,8B,"solid bar, circular, unnotched",turned,push-pull,True,760.0,3165,False,
14,9,"solid bar, circular, unnotched",turned,push-pull,True,538.0,337642,False,
16,1,"hollow bar, unnotched",turned,push-pull,True,505.0,205221,False,
16,10,"hollow bar, unnotched",turned,push-pull,True,490.0,226630,False,
16,2,"hollow bar, unnotched",turned,push-pull,True,650.0,35776,False,
16,3,"hollow bar, unnotched",turned,push-pull,True,550.0,148454,False,
16,4,"hollow bar, unnotched",turned,push-pull,True,600.0,54037,False,
16,5,"hollow bar, unnotched",turned,push-pull,True,520.0,187013,False,
16,6,"hollow bar, unnotched",turned,push-pull,True,700.0,6932,False,
16,7,"hollow bar, unnotched",turned,push-pull,True,505.0,172877,False,
16,8,"hollow bar, unnotched",turned,push-pull,True,490.0,10895975,False,
16,8B,"hollow bar, unnotched",turned,push-pull,True,750.0,3648,False,
16,9,"hollow bar, unnotched",turned,push-pull,True,497.5,128226,False,
17,1,"hollow bar, unnotched",turned,torsion,True,392.8,60775,False,
17,2,"hollow bar, unnotched",turned,torsion,True,406.6,39587,False,
17,3,"hollow bar, unnotched",turned,torsion,True,361.4,2744253,False,
17,4,"hollow bar, unnotched",turned,torsion,True,386.2,305430,False,
17,5,"hollow bar, unnotched",turned,torsion,True,377.2,270052,False,
17,6,"hollow bar, unnotched",turned,torsion,True,372.7,1924448,False,
17,7,"hollow bar, unnotched",turned,torsion,True,340.2,10083200,True,
17,7B,"hollow bar, unnotched",turned,torsion,True,442.7,5890,False,
17,8,"hollow bar, unnotched",turned,torsion,True,350.1,2807444,False,
21,S1,"solid bar, circular, unnotched",turned,push-pull,True,650.3905894272871,171909,False,
21,S2,"solid bar, circular, unnotched",turned,push-pull,True,869.3928422531641,1062,False,
21,S3,"solid bar, circular, unnotched",turned,push-pull,True,719.9119056359236,33330,False,
21,S4,"solid bar, circular, unnotched",turned,push-pull,True,600.829802509961,201298,False,
21,S6,"solid bar, circular, unnotched",turned,push-pull,True,780.1836000612568,7043,False,
21,S7,"solid bar, circular, unnotched",turned,push-pull,True,680.7057789009764,55273,False,
21,S8,"solid bar, circular, unnotched",turned,push-pull,True,600.4889446022197,506820,False,
22,C1,"solid bar, circular, unnotched",turned,push-pull,True,650.3168178922562,39098,False,
22,C2,"solid bar, circular, unnotched",turned,push-pull,True,700.5,10613,False,
22,C3,"solid bar, circular, unnotched",turned,push-pull,True,609.9,96948,False,
22,C4,"solid bar, circular, unnotched",turned,push-pull,True,625.7,82983,False,
22,C5,"solid bar, circular, unnotched",turned,push-pull,True,600.8,4000000,True,
22,C5B,"solid bar, circular, unnotched",turned,push-pull,True,712.7,38290,False,
22,C6,"solid bar, circular, unnotched",turned,push-pull,True,748.1,3672,False,
25,1,"solid bar, circular, unnotched",turned,push-pull,True,350.0,1800014,False,
25,10,"solid bar, circular, unnotched",turned,push-pull,True,450.0,211643,False,
25,2,"solid bar, circular, unnotched",turned,push-pull,True,375.0,1949021,False,
25,3,"solid bar, circular, unnotched",turned,push-pull,True,400.0,1537475,False,
25,4,"solid bar, circular, unnotched",turned,push-pull,True,425.0,246675,False,
25,5,"solid bar, circular, unnotched",turned,push-pull,True,575.0,53701,False,
25,6,"solid bar, circular, unnotched",turned,push-pull,True,525.0,104702,False,
25,7,"solid bar, circular, unnotched",turned,push-pull,True,500.0,259739,False,
25,8,"solid bar, circular, unnotched",turned,push-pull,True,475.0,301200,False,
25,9,"solid bar, circular, unnotched",turned,push-pull,True,625.0,24971,False,
26,1,"solid bar, circular, unnotched",turned,push-pull,True,350.0,2022310,False,
26,10,"solid bar, circular, unnotched",turned,push-pull,True,400.0,2702896,False,
26,2,"solid bar, circular, unnotched",turned,push-pull,True,375.0,1447487,False,
26,3,"solid bar, circular, unnotched",turned,push-pull,True,575.0,50401,False,
26,4,"solid bar, circular, unnotched",turned,push-pull,True,525.0,49443,False,
26,5,"solid bar, circular, unnotched",turned,push-pull,True,500.0,83524,False,
26,6,"solid bar, circular, unnotched",turned,push-pull,True,475.0,202523,False,
26,7,"solid bar, circular, unnotched",turned,push-pull,True,625.0,27711,False,
26,8,"solid bar, circular, unnotched",turned,push-pull,True,450.0,127183,False,
26,9,"solid bar, circular, unnotched",turned,push-pull,True,425.0,282078,False,
27,1,"solid bar, circular, unnotched",turned,push-pull,True,400.0,11667970,False,
27,10,"solid bar, circular, unnotched",turned,push-pull,True,437.5,343820,False,
27,2,"solid bar, circular, unnotched",turned,push-pull,True,412.5,719809,False,
27,3,"solid bar, circular, unnotched",turned,push-pull,True,575.0,54115,False,
27,4,"solid bar, circular, unnotched",turned,push-pull,True,525.0,127151,False,
27,5,"solid bar, circular, unnotched",turned,push-pull,True,500.0,184348,False,
27,6,"solid bar, circular, unnotched",turned,push-pull,True,475.0,198333,False,
27,7,"solid bar, circular, unnotched",turned,push-pull,True,625.0,32309,False,
27,8,"solid bar, circular, unnotched",turned,push-pull,True,450.0,307081,False,
27,9,"solid bar, circular, unnotched",turned,push-pull,True,425.0,1278066,False,
28,1,"solid bar, circular, unnotched",turned,push-pull,True,350.0,3672974,False,
28,10,"solid bar, circular, unnotched",turned,push-pull,True,400.0,235894,False,
28,2,"solid bar, circular, unnotched",turned,push-pull,True,375.0,363429,False,
28,3,"solid bar, circular, unnotched",turned,push-pull,True,575.0,43118,False,
28,4,"solid bar, circular, unnotched",turned,push-pull,True,525.0,72708,False,
28,5,"solid bar, circular, unnotched",turned,push-pull,True,500.0,102391,False,
28,6,"solid bar, circular, unnotched",turned,push-pull,True,475.0,79494,False,
28,7,"solid bar, circular, unnotched",turned,push-pull,True,625.0,23480,False,
28,8,"solid bar, circular, unnotched",turned,push-pull,True,450.0,93518,False,
28,9,"solid bar, circular, unnotched",turned,push-pull,True,425.0,223844,False,
29,1,"solid bar, circular, unnotched",turned,push-pull,True,675.0,6775,False,
29,10,"solid bar, circular, unnotched",turned,push-pull,True,450.0,1873724,False,
29,12,"solid bar, circular, unnotched",turned,push-pull,True,400.0,1469859,False,
29,13,"solid bar, circular, unnotched",turned,push-pull,True,375.0,3911774,False,
29,14,"solid bar, circular, unnotched",turned,push-pull,True,375.0,4667019,False,
29,17,"solid bar, circular, unnotched",turned,push-pull,True,425.0,908932,False,
29,18,"solid bar, circular, unnotched",turned,push-pull,True,425.0,1188874,False,
29,19,"solid bar, circular, unnotched",turned,push-pull,True,400.0,438028,False,
29,2,"solid bar, circular, unnotched",turned,push-pull,True,350.0,33608010,True,
29,2B,"solid bar, circular, unnotched",turned,push-pull,True,650.0,15166,False,
29,3,"solid bar, circular, unnotched",turned,push-pull,True,450.0,201089,False,
29,4,"solid bar, circular, unnotched",turned,push-pull,True,462.5,148213,False,
29,5,"solid bar, circular, unnotched",turned,push-pull,True,575.0,53318,False,
29,6,"solid bar, circular, unnotched",turned,push-pull,True,525.0,102666,False,
29,7,"solid bar, circular, unnotched",turned,push-pull,True,500.0,95831,False,
29,8,"solid bar, circular, unnotched",turned,push-pull,True,475.0,136602,False,
29,9,"solid bar, circular, unnotched",turned,push-pull,True,625.0,34667,False,
35,1,"solid bar, circular, unnotched",turned,push-pull,True,460.0,738539,False,Crack in the 4th thread
35,11,"solid bar, circular, unnotched",turned,push-pull,True,480.0,1973019,False,Broken in the thread (2 pieces)
35,3,"solid bar, circular, unnotched",turned,push-pull,True,610.0,28353,False,Crack 4 mm from cetner
35,4,"solid bar, circular, unnotched",turned,push-pull,True,580.0,141996,False,Crack in the center
35,5,"solid bar, circular, unnotched",turned,push-pull,True,520.0,1017278,False,Crack in some threads
35,6,"solid bar, circular, unnotched",turned,push-pull,True,550.0,230423,False,Crack in the center
35,7,"solid bar, circular, unnotched",turned,push-pull,True,450.0,647059,False,Broken 3rd thread
35,8,"solid bar, circular, unnotched",turned,push-pull,True,430.0,1649124,False,Broken 3rd and 4th thread
35,9,"solid bar, circular, unnotched",turned,push-pull,True,410.0,3497006,False,"Broken 4th and 5th thread, crack 7 mm from center"
36,1,"solid bar, circular, unnotched",turned,push-pull,True,450.0,439452,False,Crack in the center
36,10,"solid bar, circular, unnotched",turned,push-pull,True,480.0,814588,False,Crack in the center
36,2,"solid bar, circular, unnotched",turned,push-pull,True,580.0,90771,False,Crack in the center
36,3,"solid bar, circular, unnotched",turned,push-pull,True,610.0,36714,False,No visible crack
36,4,"solid bar, circular, unnotched",turned,push-pull,True,520.0,478255,False,Crack in the center
36,5,"solid bar, circular, unnotched",turned,push-pull,True,1000.0,1000,False,
36,6,"solid bar, circular, unnotched",turned,push-pull,True,550.0,192391,False,Crack in the center
36,7,"solid bar, circular, unnotched",turned,push-pull,True,460.0,2581659,False,Broken 2nd thread
36,8,"solid bar, circular, unnotched",turned,push-pull,True,430.0,400904,False,Broken 4th thread
36,9,"solid bar, circular, unnotched",turned,push-pull,True,415.0,1868255,False,
37,1,"solid bar, circular, unnotched",turned,push-pull,True,460.0,316274,False,Crack in the center
37,10,"solid bar, circular, unnotched",turned,push-pull,True,610.0,44483,False,2 pieces (crack in the center)
37,11,"solid bar, circular, unnotched",turned,push-pull,True,415.0,3405723,False,Multiple broken threads
37,2,"solid bar, circular, unnotched",turned,push-pull,True,550.0,131619,False,Crack in the center
37,3,"solid bar, circular, unnotched",turned,push-pull,True,480.0,342672,False,Crack in the center
37,4,"solid bar, circular, unnotched",turned,push-pull,True,430.0,663604,False,Crack in the 3rd thread
37,5,"solid bar, circular, unnotched",turned,push-pull,True,510.0,244096,False,Crack in the center
37,6,"solid bar, circular, unnotched",turned,push-pull,True,580.0,115864,False,Crack in the center
37,7,"solid bar, circular, unnotched",turned,push-pull,True,400.0,3698885,False,Crack in the 2nd thread
37,8,"solid bar, circular, unnotched",turned,push-pull,True,400.0,9397210,False,
38,1,"solid bar, circular, unnotched",turned,push-pull,True,575.0,63151,False,no crack
38,10,"solid bar, circular, unnotched",turned,push-pull,True,660.0,9681,False,no crack
38,12,"solid bar, circular, unnotched",turned,push-pull,True,500.0,200536,False,no crack
38,13,"solid bar, circular, unnotched",turned,push-pull,True,500.0,9773035,False,no crack
38,14,"solid bar, circular, unnotched",turned,push-pull,True,487.5,1213159,False,
38,15,"solid bar, circular, unnotched",turned,push-pull,True,475.0,276553,False,
38,4,"solid bar, circular, unnotched",turned,push-pull,True,600.0,59601,False,no crack
38,6,"solid bar, circular, unnotched",turned,push-pull,True,630.0,25679,False,no crack
38,8,"solid bar, circular, unnotched",turned,push-pull,True,550.0,130446,False,
38,9,"solid bar, circular, unnotched",turned,push-pull,True,525.0,330885,False,
45,1,"hollow bar, unnotched",as heat-treated (no additional finishing),push-pull,True,600.0,95288,False,
45,2,"hollow bar, unnotched",as heat-treated (no additional finishing),push-pull,True,499.79,12616755,False,
45,3,"hollow bar, unnotched",as heat-treated (no additional finishing),push-pull,True,535.9,246664,False,
45,4,"hollow bar, unnotched",as heat-treated (no additional finishing),push-pull,True,560.2,196098,False,
45,5,"hollow bar, unnotched",as heat-treated (no additional finishing),push-pull,True,501.3,10100000,True,
45,6,"hollow bar, unnotched",as heat-treated (no additional finishing),push-pull,True,650.0,57700,False,
45,7,"hollow bar, unnotched",as heat-treated (no additional finishing),push-pull,True,520.0,3856533,False,
45,8,"hollow bar, unnotched",as heat-treated (no additional finishing),push-pull,True,700.0,24965,False,
46,1,"hollow bar, unnotched",as heat-treated (no additional finishing),push-pull,True,526.0,10100000,True,
46,10,"hollow bar, unnotched",as heat-treated (no additional finishing),push-pull,True,550.0,10100009,True,
46,2,"hollow bar, unnotched",as heat-treated (no additional finishing),push-pull,True,600.2,10100008,True,
46,3,"hollow bar, unnotched",as heat-treated (no additional finishing),push-pull,True,700.0,39810,False,
46,4,"hollow bar, unnotched",as heat-treated (no additional finishing),push-pull,True,650.0,172382,False,
46,5,"hollow bar, unnotched",as heat-treated (no additional finishing),push-pull,True,630.0,506360,False,
46,6,"hollow bar, unnotched",as heat-treated (no additional finishing),push-pull,True,750.0,14614,False,
46,7,"hollow bar, unnotched",as heat-treated (no additional finishing),push-pull,True,615.0,199032,False,
46,8,"hollow bar, unnotched",as heat-treated (no additional finishing),push-pull,True,605.0,193360,False,
46,9,"hollow bar, unnotched",as heat-treated (no additional finishing),push-pull,True,580.0,256120,False,
47,1,"hollow bar, unnotched",as heat-treated (no additional finishing),push-pull,True,650.0,84315,False,
47,10,"hollow bar, unnotched",as heat-treated (no additional finishing),push-pull,True,470.0,10100002,True,
47,2,"hollow bar, unnotched",as heat-treated (no additional finishing),push-pull,True,620.0,132327,False,
47,3,"hollow bar, unnotched",as heat-treated (no additional finishing),push-pull,True,530.0,829717,False,
47,4,"hollow bar, unnotched",as heat-treated (no additional finishing),push-pull,True,580.0,10100002,True,
47,5,"hollow bar, unnotched",as heat-treated (no additional finishing),push-pull,True,600.0,89807,False,
47,6,"hollow bar, unnotched",as heat-treated (no additional finishing),push-pull,True,560.0,123469,False,
47,7,"hollow bar, unnotched",as heat-treated (no additional finishing),push-pull,True,510.0,553002,False,
47,8,"hollow bar, unnotched",as heat-treated (no additional finishing),push-pull,True,490.0,455586,False,
47,9,"hollow bar, unnotched",as heat-treated (no additional finishing),push-pull,True,450.0,10100006,True,
50,1,"solid bar, straight-through hole",as heat-treated (no additional finishing),push-pull,True,181.8,12012955,True,
50,10,"solid bar, straight-through hole",as heat-treated (no additional finishing),push-pull,True,193.4,594032,False,
50,1B,"solid bar, straight-through hole",as heat-treated (no additional finishing),push-pull,True,465.8,14010,False,
50,2,"solid bar, straight-through hole",as heat-treated (no additional finishing),push-pull,True,193.2,12541400,True,
50,2B,"solid bar, straight-through hole",as heat-treated (no additional finishing),push-pull,True,522.8,6225,False,
50,3,"solid bar, straight-through hole",as heat-treated (no additional finishing),push-pull,True,158.8,51618116,True,
50,3B,"solid bar, straight-through hole",as heat-treated (no additional finishing),push-pull,True,533.0,2222,False,
50,4,"solid bar, straight-through hole",as heat-treated (no additional finishing),push-pull,True,364.1,64569,False,
50,5,"solid bar, straight-through hole",as heat-treated (no additional finishing),push-pull,True,420.7,25858,False,
50,6,"solid bar, straight-through hole",as heat-treated (no additional finishing),push-pull,True,317.9,127644,False,
50,7,"solid bar, straight-through hole",as heat-treated (no additional finishing),push-pull,True,510.6,8375,False,
50,8,"solid bar, straight-through hole",as heat-treated (no additional finishing),push-pull,True,267.9,235681,False,
50,9,"solid bar, straight-through hole",as heat-treated (no additional finishing),push-pull,True,226.5,450719,False,
51,1,"solid bar, circumferential V-groove",as heat-treated (no additional finishing),push-pull,True,201.8,447210,False,
51,10,"solid bar, circumferential V-groove",as heat-treated (no additional finishing),push-pull,True,365.3,15137,False,
51,2,"solid bar, circumferential V-groove",as heat-treated (no additional finishing),push-pull,True,183.8,10248826,True,
51,2B,"solid bar, circumferential V-groove",as heat-treated (no additional finishing),push-pull,True,608.3,629,False,
51,3,"solid bar, circumferential V-groove",as heat-treated (no additional finishing),push-pull,True,251.8,78435,False,
51,4,"solid bar, circumferential V-groove",as heat-treated (no additional finishing),push-pull,True,214.4,258440,False,
51,5,"solid bar, circumferential V-groove",as heat-treated (no additional finishing),push-pull,True,553.2,1732,False,
51,6,"solid bar, circumferential V-groove",as heat-treated (no additional finishing),push-pull,True,189.2,2169391,False,
51,7,"solid bar, circumferential V-groove",as heat-treated (no additional finishing),push-pull,True,201.7,173482,False,
51,8,"solid bar, circumferential V-groove",as heat-treated (no additional finishing),push-pull,True,304.0,34867,False,
51,9,"solid bar, circumferential V-groove",as heat-treated (no additional finishing),push-pull,True,176.7,100000000,True,
51,9B,"solid bar, circumferential V-groove",as heat-treated (no additional finishing),push-pull,True,454.4,5227,False,
52,1,"solid bar, circumferential V-groove",as heat-treated (no additional finishing),push-pull,True,246.6,12453336,True,
52,10,"solid bar, circumferential V-groove",as heat-treated (no additional finishing),push-pull,True,234.6,10000000,True,
52,10B,"solid bar, circumferential V-groove",as heat-treated (no additional finishing),push-pull,True,608.7,992,False,
52,1B,"solid bar, circumferential V-groove",as heat-treated (no additional finishing),push-pull,True,576.4,4124,False,
52,2,"solid bar, circumferential V-groove",as heat-treated (no additional finishing),push-pull,True,306.2,10031491,True,
52,2B,"solid bar, circumferential V-groove",as heat-treated (no additional finishing),push-pull,True,548.6,8806,False,
52,3,"solid bar, circumferential V-groove",as heat-treated (no additional finishing),push-pull,True,407.4,44054,False,
52,4,"solid bar, circumferential V-groove",as heat-treated (no additional finishing),push-pull,True,356.7,62956,False,
52,5,"solid bar, circumferential V-groove",as heat-treated (no additional finishing),push-pull,True,457.5,18571,False,
52,6,"solid bar, circumferential V-groove",as heat-treated (no additional finishing),push-pull,True,304.4,376654,False,
52,7,"solid bar, circumferential V-groove",as heat-treated (no additional finishing),push-pull,True,254.0,394885,False,
52,8,"solid bar, circumferential V-groove",as heat-treated (no additional finishing),push-pull,True,215.6,10000000,True,
52,8B,"solid bar, circumferential V-groove",as heat-treated (no additional finishing),push-pull,True,519.9,11458,False,
52,9,"solid bar, circumferential V-groove",as heat-treated (no additional finishing),push-pull,True,253.1,325894,False,
53,1,"solid bar, straight-through hole",as heat-treated (no additional finishing),torsion,True,155.42918743097127,1150056,False,
53,2,"solid bar, straight-through hole",as heat-treated (no additional finishing),torsion,True,170.94419813573944,697896,False,
53,3,"solid bar, straight-through hole",as heat-treated (no additional finishing),torsion,True,199.4185801001141,239696,False,
53,4,"solid bar, straight-through hole",as heat-treated (no additional finishing),torsion,True,228.74484187954263,120000,False,
53,5,"solid bar, straight-through hole",as heat-treated (no additional finishing),torsion,True,258.0711036589712,91421,False,
53,6,"solid bar, straight-through hole",as heat-treated (no additional finishing),torsion,True,302.815647219764,47513,False,
53,7,"solid bar, straight-through hole",as heat-treated (no additional finishing),torsion,True,394.94004396877733,6130,False,
53,8,"solid bar, straight-through hole",as heat-treated (no additional finishing),torsion,True,144.05792925988771,10017400,True,
53,8B,"solid bar, straight-through hole",as heat-treated (no additional finishing),torsion,True,349.8549710597273,17904,False,
54,1,"solid bar, circumferential V-groove",as heat-treated (no additional finishing),torsion,True,292.7,56169,False,
54,2,"solid bar, circumferential V-groove",as heat-treated (no additional finishing),torsion,True,267.5,424736,False,
54,3,"solid bar, circumferential V-groove",as heat-treated (no additional finishing),torsion,True,247.3,1715104,False,
54,4,"solid bar, circumferential V-groove",as heat-treated (no additional finishing),torsion,True,227.1,10164200,True,
54,4B,"solid bar, circumferential V-groove",as heat-treated (no additional finishing),torsion,True,335.7,20799,False,
54,5,"solid bar, circumferential V-groove",as heat-treated (no additional finishing),torsion,True,282.7,54240,False,
54,6,"solid bar, circumferential V-groove",as heat-treated (no additional finishing),torsion,True,257.4,809217,False,
54,7,"solid bar, circumferential V-groove",as heat-treated (no additional finishing),torsion,True,398.7,4750,False,
54,8,"solid bar, circumferential V-groove",as heat-treated (no additional finishing),torsion,True,237.2,1211455,False,
55,1,"solid bar, circumferential V-groove",as heat-treated (no additional finishing),push-pull,True,350.0,21557,False,
55,10,"solid bar, circumferential V-groove",as heat-treated (no additional finishing),push-pull,True,142.5,701507,False,
55,2,"solid bar, circumferential V-groove",as heat-treated (no additional finishing),push-pull,True,300.0,56469,False,
55,3,"solid bar, circumferential V-groove",as heat-treated (no additional finishing),push-pull,True,250.0,80040,False,
55,4,"solid bar, circumferential V-groove",as heat-treated (no additional finishing),push-pull,True,210.0,166004,False,
55,5,"solid bar, circumferential V-groove",as heat-treated (no additional finishing),push-pull,True,180.0,185171,False,
55,6,"solid bar, circumferential V-groove",as heat-treated (no additional finishing),push-pull,True,410.0,14273,False,
55,7,"solid bar, circumferential V-groove",as heat-treated (no additional finishing),push-pull,True,150.0,726269,False,
55,8,"solid bar, circumferential V-groove",as heat-treated (no additional finishing),push-pull,True,135.0,11814038,True,
55,8B,"solid bar, circumferential V-groove",as heat-treated (no additional finishing),push-pull,True,480.0,7980,False,
55,9,"solid bar, circumferential V-groove",as heat-treated (no additional finishing),push-pull,True,142.5,437911,False,
56,1,"solid bar, circumferential V-groove",as heat-treated (no additional finishing),push-pull,True,275.0,374270,False,
56,10,"solid bar, circumferential V-groove",as heat-treated (no additional finishing),push-pull,True,262.5,50102264,True,
56,10B,"solid bar, circumferential V-groove",as heat-treated (no additional finishing),push-pull,True,650.0,3498,False,
56,2,"solid bar, circumferential V-groove",as heat-treated (no additional finishing),push-pull,True,262.5,64767620,True,
56,2B,"solid bar, circumferential V-groove",as heat-treated (no additional finishing),push-pull,True,700.0,2272,False,
56,3,"solid bar, circumferential V-groove",as heat-treated (no additional finishing),push-pull,True,450.0,20201,False,
56,4,"solid bar, circumferential V-groove",as heat-treated (no additional finishing),push-pull,True,400.0,44759,False,
56,5,"solid bar, circumferential V-groove",as heat-treated (no additional finishing),push-pull,True,250.0,11567634,True,
56,5B,"solid bar, circumferential V-groove",as heat-treated (no additional finishing),push-pull,True,500.0,15403,False,
56,6,"solid bar, circumferential V-groove",as heat-treated (no additional finishing),push-pull,True,300.0,184960,False,
56,7,"solid bar, circumferential V-groove",as heat-treated (no additional finishing),push-pull,True,275.0,253722,False,
56,8,"solid bar, circumferential V-groove",as heat-treated (no additional finishing),push-pull,True,350.0,54097,False,
56,9,"solid bar, circumferential V-groove",as heat-treated (no additional finishing),push-pull,True,250.0,11447257,True,
56,9B,"solid bar, circumferential V-groove",as heat-treated (no additional finishing),push-pull,True,575.0,7659,False,
60,A37-01,"hollow bar, unnotched",as heat-treated (no additional finishing),push-pull,True,650.0,79684,False,
60,A37-02,"hollow bar, unnotched",as heat-treated (no additional finishing),push-pull,True,600.0,13149279,True,
60,A37-02B,"hollow bar, unnotched",as heat-treated (no additional finishing),push-pull,True,800.0,11893,False,
60,A37-03,"hollow bar, unnotched",as heat-treated (no additional finishing),push-pull,True,640.0,128799,False,
60,A37-04,"hollow bar, unnotched",as heat-treated (no additional finishing),push-pull,True,630.0,117765,False,
60,A37-05,"hollow bar, unnotched",as heat-treated (no additional finishing),push-pull,True,620.0,123052,False,
60,A37-06,"hollow bar, unnotched",as heat-treated (no additional finishing),push-pull,True,610.0,195976,False,
60,A37-07,"hollow bar, unnotched",as heat-treated (no additional finishing),push-pull,True,660.0,134001,False,
60,A37-08,"hollow bar, unnotched",as heat-treated (no additional finishing),push-pull,True,700.0,29508,False,
60,A37-09,"hollow bar, unnotched",as heat-treated (no additional finishing),push-pull,True,680.0,72234,False,
60,A37-10,"hollow bar, unnotched",as heat-treated (no additional finishing),push-pull,True,600.0,2634775,True,
60,A37-10B,"hollow bar, unnotched",as heat-treated (no additional finishing),push-pull,True,750.0,24023,False,
62,A37-11,"hollow bar, unnotched",as heat-treated (no additional finishing),torsion,True,404.14518843273805,2608366,True,
62,A37-11B,"hollow bar, unnotched",as heat-treated (no additional finishing),torsion,True,476.3139720814413,19707,False,
62,A37-12,"hollow bar, unnotched",as heat-treated (no additional finishing),torsion,True,606.2177826491071,650,False,
62,A37-13,"hollow bar, unnotched",as heat-treated (no additional finishing),torsion,True,490.7477288111819,5077,False,
62,A37-14,"hollow bar, unnotched",as heat-treated (no additional finishing),torsion,True,461.88021535170066,16283,False,
62,A37-15,"hollow bar, unnotched",as heat-treated (no additional finishing),torsion,True,433.01270189221935,55575,False,
62,A37-16,"hollow bar, unnotched",as heat-treated (no additional finishing),torsion,True,418.5789451624787,2125397,True,
62,A37-16B,"hollow bar, unnotched",as heat-treated (no additional finishing),torsion,True,470.540469389545,54927,False,
62,A37-17,"hollow bar, unnotched",as heat-treated (no additional finishing),torsion,True,426.0844986619438,178216,False,
62,A37-18,"hollow bar, unnotched",as heat-treated (no additional finishing),torsion,True,447.44645862196,54154,False,
62,A37-19,"hollow bar, unnotched",as heat-treated (no additional finishing),torsion,True,454.9520121214251,16297,False,
62,A37-20,"hollow bar, unnotched",as heat-treated (no additional finishing),torsion,True,422.6203970468061,234905,False,
64,A37-21,"hollow bar, unnotched",as heat-treated (no additional finishing),push-pull,True,537.401,27903,False,
64,A37-22,"hollow bar, unnotched",as heat-treated (no additional finishing),push-pull,True,516.16,58976,False,
64,A37-23,"hollow bar, unnotched",as heat-treated (no additional finishing),push-pull,True,495.0,95846,False,
64,A37-24,"hollow bar, unnotched",as heat-treated (no additional finishing),push-pull,True,473.76,305706,False,
64,A37-25,"hollow bar, unnotched",as heat-treated (no additional finishing),push-pull,True,565.7,15077,False,
64,A37-26,"hollow bar, unnotched",as heat-treated (no additional finishing),push-pull,True,463.12,450799,False,
64,A37-27,"hollow bar, unnotched",as heat-treated (no additional finishing),push-pull,True,449.01,3194608,True,
64,A37-27B,"hollow bar, unnotched",as heat-treated (no additional finishing),push-pull,True,597.505,6786,False,
64,A37-28,"hollow bar, unnotched",as heat-treated (no additional finishing),push-pull,True,583.3634,6928,False,
65,A37-29,"hollow bar, unnotched",as heat-treated (no additional finishing),push-pull,True,494.975,227524,False,
65,A37-30,"hollow bar, unnotched",as heat-treated (no additional finishing),push-pull,True,565.69,21438,False,
65,A37-31,"hollow bar, unnotched",as heat-treated (no additional finishing),push-pull,True,459.6195,1941498,False,
65,A37-32,"hollow bar, unnotched",as heat-treated (no additional finishing),push-pull,True,593.97,46746,False,
65,A37-33,"hollow bar, unnotched",as heat-treated (no additional finishing),push-pull,True,551.543,34088,False,
65,A37-34,"hollow bar, unnotched",as heat-treated (no additional finishing),push-pull,True,537.401,70982,False,
65,A37-35,"hollow bar, unnotched",as heat-treated (no additional finishing),push-pull,True,470.226,91314,False,
65,A37-36,"hollow bar, unnotched",as heat-treated (no additional finishing),push-pull,True,516.1879,153319,False,
65,A37-37,"hollow bar, unnotched",as heat-treated (no additional finishing),push-pull,True,480.8325,221941,False,
65,A37-38,"hollow bar, unnotched",as heat-treated (no additional finishing),push-pull,True,466.6905,219935,False,
65,A37-39,"hollow bar, unnotched",as heat-treated (no additional finishing),push-pull,True,608.1,16535,False,
65,A37-40,"hollow bar, unnotched",as heat-treated (no additional finishing),push-pull,True,459.6,138418,False,
70,A35-01,"hollow bar, unnotched",as heat-treated (no additional finishing),push-pull,True,750.0,13680,False,
70,A35-02,"hollow bar, unnotched",as heat-treated (no additional finishing),push-pull,True,800.0,4339,False,
70,A35-03,"hollow bar, unnotched",as heat-treated (no additional finishing),push-pull,True,700.0,38302,False,
70,A35-04,"hollow bar, unnotched",as heat-treated (no additional finishing),push-pull,True,650.0,104282,False,
70,A35-05,"hollow bar, unnotched",as heat-treated (no additional finishing),push-pull,True,630.0,186481,False,
70,A35-06,"hollow bar, unnotched",as heat-treated (no additional finishing),push-pull,True,615.0,131464,False,
70,A35-07,"hollow bar, unnotched",as heat-treated (no additional finishing),push-pull,True,605.0,181720,False,
70,A35-08,"hollow bar, unnotched",as heat-treated (no additional finishing),push-pull,True,590.0,252223,False,
70,A35-09,"hollow bar, unnotched",as heat-treated (no additional finishing),push-pull,True,570.0,333885,False,
70,A35-10,"hollow bar, unnotched",as heat-treated (no additional finishing),push-pull,True,530.0,461347,False,
72,A35-11,"hollow bar, unnotched",as heat-treated (no additional finishing),torsion,True,421.46569650842684,104876,False,
72,A35-12,"hollow bar, unnotched",as heat-treated (no additional finishing),torsion,True,461.88021535170066,13726,False,
72,A35-13,"hollow bar, unnotched",as heat-treated (no additional finishing),torsion,True,450.33320996790815,15359,False,
72,A35-14,"hollow bar, unnotched",as heat-treated (no additional finishing),torsion,True,438.7862045841156,98503,False,
72,A35-15,"hollow bar, unnotched",as heat-treated (no additional finishing),torsion,True,398.3716857408418,3648698,True,
72,A35-15B,"hollow bar, unnotched",as heat-treated (no additional finishing),torsion,True,456.1067126598044,23115,False,
72,A35-16,"hollow bar, unnotched",as heat-treated (no additional finishing),torsion,True,415.69219381653056,115048,False,
72,A35-17,"hollow bar, unnotched",as heat-treated (no additional finishing),torsion,True,409.91869112463434,70791,False,
72,A35-18,"hollow bar, unnotched",as heat-treated (no additional finishing),torsion,True,404.14518843273805,2902278,True,
72,A35-18B,"hollow bar, unnotched",as heat-treated (no additional finishing),torsion,True,447.44645862196,96116,False,
72,A35-19,"hollow bar, unnotched",as heat-treated (no additional finishing),torsion,True,433.01270189221935,54323,False,
72,A35-20,"hollow bar, unnotched",as heat-treated (no additional finishing),torsion,True,470.540469389545,9484,False,
74,A35-21,"hollow bar, unnotched",as heat-treated (no additional finishing),push-pull,True,326.6,7116,False,
74,A35-22,"hollow bar, unnotched",as heat-treated (no additional finishing),push-pull,True,306.2,31203,False,
74,A35-23,"hollow bar, unnotched",as heat-treated (no additional finishing),push-pull,True,285.8,106446,False,
74,A35-24,"hollow bar, unnotched",as heat-treated (no additional finishing),push-pull,True,275.6,147293,False,
74,A35-25,"hollow bar, unnotched",as heat-treated (no additional finishing),push-pull,True,265.4,401011,False,
74,A35-26,"hollow bar, unnotched",as heat-treated (no additional finishing),push-pull,True,259.2,1148966,False,
74,A35-27,"hollow bar, unnotched",as heat-treated (no additional finishing),push-pull,True,244.1,433352,False,
74,A35-28,"hollow bar, unnotched",as heat-treated (no additional finishing),push-pull,True,249.0,351343,False,
74,A35-29,"hollow bar, unnotched",as heat-treated (no additional finishing),push-pull,True,255.1,285103,False,
74,A35-30,"hollow bar, unnotched",as heat-treated (no additional finishing),push-pull,True,238.8,5391695,True,
74,A35-30B,"hollow bar, unnotched",as heat-treated (no additional finishing),push-pull,True,316.4,10045,False,
75,A35-31,"hollow bar, unnotched",as heat-treated (no additional finishing),push-pull,True,306.2,30655,False,
75,A35-32,"hollow bar, unnotched",as heat-treated (no additional finishing),push-pull,True,326.6,24249,False,
75,A35-33,"hollow bar, unnotched",as heat-treated (no additional finishing),push-pull,True,285.8,113352,False,
75,A35-34,"hollow bar, unnotched",as heat-treated (no additional finishing),push-pull,True,275.6,131511,False,
75,A35-35,"hollow bar, unnotched",as heat-treated (no additional finishing),push-pull,True,265.4,350633,False,
75,A35-36,"hollow bar, unnotched",as heat-treated (no additional finishing),push-pull,True,259.2,145289,False,
75,A35-37,"hollow bar, unnotched",as heat-treated (no additional finishing),push-pull,True,255.2,130486,False,
75,A35-38,"hollow bar, unnotched",as heat-treated (no additional finishing),push-pull,True,249.0,4365047,True,
75,A35-38B,"hollow bar, unnotched",as heat-treated (no additional finishing),push-pull,True,300.1,72652,False,
75,A35-39,"hollow bar, unnotched",as heat-treated (no additional finishing),push-pull,True,253.1,191774,False,
75,A35-40,"hollow bar, unnotched",as heat-treated (no additional finishing),push-pull,True,251.1,2383728,True,failed at the gripping section due to fretting
81,10,"solid bar, circular, unnotched",turned,push-pull,True,535.0,1829679,False,
81,11,"solid bar, circular, unnotched",turned,push-pull,True,520.0,22600000,True,
81,11A,"solid bar, circular, unnotched",turned,push-pull,True,700.0,13510,False,220degC
81,12,"solid bar, circular, unnotched",turned,push-pull,True,530.0,1349358,False,
81,3,"solid bar, circular, unnotched",turned,push-pull,True,600.0,155519,False,
81,4,"solid bar, circular, unnotched",turned,push-pull,True,520.0,1157707,False,
81,5,"solid bar, circular, unnotched",turned,push-pull,True,550.0,387270,False,
81,6,"solid bar, circular, unnotched",turned,push-pull,True,510.0,15041627,True,
81,6A,"solid bar, circular, unnotched",turned,push-pull,True,700.0,13045,False,214degC
81,7,"solid bar, circular, unnotched",turned,push-pull,True,630.0,120371,False,
81,8,"solid bar, circular, unnotched",turned,push-pull,True,660.0,42502,False,150degC
81,9,"solid bar, circular, unnotched",turned,push-pull,True,575.0,276832,False,
82,10,"solid bar, circular, unnotched",turned,push-pull,True,515.0,15545352,True,
82,10A,"solid bar, circular, unnotched",turned,push-pull,True,650.0,17117,False,525degC
82,11,"solid bar, circular, unnotched",turned,push-pull,True,600.0,76749,False,
82,12,"solid bar, circular, unnotched",turned,push-pull,True,530.0,525076,False,
82,13,"solid bar, circular, unnotched",turned,push-pull,True,515.0,1023419,False,
82,3,"solid bar, circular, unnotched",turned,push-pull,True,600.0,46844,False,450degC
82,4,"solid bar, circular, unnotched",turned,push-pull,True,550.0,178877,False,105degC
82,5,"solid bar, circular, unnotched",turned,push-pull,True,530.0,552107,False,
82,6,"solid bar, circular, unnotched",turned,push-pull,True,575.0,140333,False,
82,7,"solid bar, circular, unnotched",turned,push-pull,True,650.0,9436,False,520degC
82,8,"solid bar, circular, unnotched",turned,push-pull,True,515.0,445994,False,
82,9,"solid bar, circular, unnotched",turned,push-pull,True,500.0,21018136,True,
82,9A,"solid bar, circular, unnotched",turned,push-pull,True,625.0,52210,False,350degC
90,1,"solid bar, circular, unnotched",turned,push-pull,False,416.25,854459,False,
90,2,"solid bar, circular, unnotched",turned,push-pull,False,393.75,6300247,False,
90,3,"solid bar, circular, unnotched",turned,push-pull,False,405.0,236076,False,
90,4,"solid bar, circular, unnotched",turned,push-pull,False,427.5,307283,False,
90,5,"solid bar, circular, unnotched",turned,push-pull,False,416.25,384179,False,
90,6,"solid bar, circular, unnotched",turned,push-pull,False,405.0,244063,False,
90,7,"solid bar, circular, unnotched",turned,push-pull,False,427.5,191383,False,
90,8,"solid bar, circular, unnotched",turned,push-pull,False,393.75,5000010,True,
91,1,"solid bar, circular, unnotched",turned,push-pull,False,427.5,212277,False,
91,2,"solid bar, circular, unnotched",turned,push-pull,False,427.5,156909,False,
91,3,"solid bar, circular, unnotched",turned,push-pull,False,410.625,215012,False,
91,4,"solid bar, circular, unnotched",turned,push-pull,False,427.5,130602,False,
91,5,"solid bar, circular, unnotched",turned,push-pull,False,416.25,328183,False,
91,6,"solid bar, circular, unnotched",turned,push-pull,False,416.25,5000005,True,
91,7,"solid bar, circular, unnotched",turned,push-pull,False,427.5,252691,False,
92,1,"solid bar, circular, unnotched",turned,push-pull,False,405.0,226726,False,
92,2,"solid bar, circular, unnotched",turned,push-pull,False,427.5,120249,False,
92,3,"solid bar, circular, unnotched",turned,push-pull,False,416.25,156709,False,
92,4,"solid bar, circular, unnotched",turned,push-pull,False,393.75,96053,False,
92,5,"solid bar, circular, unnotched",turned,push-pull,False,382.5,584121,False,
92,6,"solid bar, circular, unnotched",turned,push-pull,False,371.25,2056626,False,
92,7,"solid bar, circular, unnotched",turned,push-pull,False,393.75,910352,False,
92,8,"solid bar, circular, unnotched",turned,push-pull,False,427.5,84755,False,
92,9,"solid bar, circular, unnotched",turned,push-pull,False,382.5,538364,False,
93,1,"solid bar, circular, unnotched",turned,push-pull,False,405.0,257924,False,
93,2,"solid bar, circular, unnotched",turned,push-pull,False,405.0,117151,False,
93,3,"solid bar, circular, unnotched",turned,push-pull,False,393.75,10000007,True,
93,4,"solid bar, circular, unnotched",turned,push-pull,False,427.5,122329,False,
93,5,"solid bar, circular, unnotched",turned,push-pull,False,416.25,141369,False,
93,6,"solid bar, circular, unnotched",turned,push-pull,False,393.75,732566,False,
93,7,"solid bar, circular, unnotched",turned,push-pull,False,416.25,175654,False,
101,1,not classed (see source figure),as heat-treated (no additional finishing),push-pull,True,219.3,280609,False,
101,11,not classed (see source figure),as heat-treated (no additional finishing),push-pull,True,197.4,446857,False,
101,12,not classed (see source figure),as heat-treated (no additional finishing),push-pull,True,252.2,159146,False,
101,13,not classed (see source figure),as heat-treated (no additional finishing),push-pull,True,383.8,42011,False,
101,2,not classed (see source figure),as heat-treated (no additional finishing),push-pull,True,175.4,743374,False,
101,3,not classed (see source figure),as heat-treated (no additional finishing),push-pull,True,131.6,10000000,True,
101,4,not classed (see source figure),as heat-treated (no additional finishing),push-pull,True,153.5,1476412,False,
101,5,not classed (see source figure),as heat-treated (no additional finishing),push-pull,True,328.9,63474,False,
101,6,not classed (see source figure),as heat-treated (no additional finishing),push-pull,True,142.5,7713649,False,
101,7,not classed (see source figure),as heat-treated (no additional finishing),push-pull,True,285.1,137008,False,
101,8,not classed (see source figure),as heat-treated (no additional finishing),push-pull,True,142.5,3307445,False,
101,9,not classed (see source figure),as heat-treated (no additional finishing),push-pull,True,438.6,25274,False,
102,1,not classed (see source figure),as heat-treated (no additional finishing),push-pull,True,219.3,178792,False,
102,10,not classed (see source figure),as heat-treated (no additional finishing),push-pull,True,137.1,2802257,False,
102,11,not classed (see source figure),as heat-treated (no additional finishing),push-pull,True,197.4,372234,False,
102,12,not classed (see source figure),as heat-treated (no additional finishing),push-pull,True,252.2,123570,False,
102,13,not classed (see source figure),as heat-treated (no additional finishing),push-pull,True,383.8,38162,False,
102,15,not classed (see source figure),as heat-treated (no additional finishing),push-pull,True,126.1,10000000,True,
102,2,not classed (see source figure),as heat-treated (no additional finishing),push-pull,True,175.4,475967,False,
102,3,not classed (see source figure),as heat-treated (no additional finishing),push-pull,True,131.6,2106572,False,
102,4,not classed (see source figure),as heat-treated (no additional finishing),push-pull,True,153.5,1000666,False,
102,5,not classed (see source figure),as heat-treated (no additional finishing),push-pull,True,328.9,53281,False,
102,6,not classed (see source figure),as heat-treated (no additional finishing),push-pull,True,142.5,1185236,False,
102,7,not classed (see source figure),as heat-treated (no additional finishing),push-pull,True,285.1,99159,False,
102,8,not classed (see source figure),as heat-treated (no additional finishing),push-pull,True,142.5,2429864,False,
102,9,not classed (see source figure),as heat-treated (no additional finishing),push-pull,True,438.6,22243,False,
103,1,not classed (see source figure),as heat-treated (no additional finishing),push-pull,True,219.29824561403507,187113,False,
103,11,not classed (see source figure),as heat-treated (no additional finishing),push-pull,True,197.36842105263156,277067,False,
103,12,not classed (see source figure),as heat-treated (no additional finishing),push-pull,True,252.19298245614036,147705,False,
103,13,not classed (see source figure),as heat-treated (no additional finishing),push-pull,True,383.77192982456137,35398,False,
103,14,not classed (see source figure),as heat-treated (no additional finishing),push-pull,True,120.6140350877193,10000000,True,
103,15,not classed (see source figure),as heat-treated (no additional finishing),push-pull,True,126.09649122807018,12133153,True,
103,15B,not classed (see source figure),as heat-treated (no additional finishing),push-pull,True,274.12280701754383,114956,False,
103,2,not classed (see source figure),as heat-treated (no additional finishing),push-pull,True,175.43859649122805,341196,False,
103,3,not classed (see source figure),as heat-treated (no additional finishing),push-pull,True,131.57894736842104,1278783,False,
103,4,not classed (see source figure),as heat-treated (no additional finishing),push-pull,True,153.50877192982455,1064519,False,
103,5,not classed (see source figure),as heat-treated (no additional finishing),push-pull,True,328.9473684210526,51999,False,
103,6,not classed (see source figure),as heat-treated (no additional finishing),push-pull,True,142.5438596491228,1054451,False,
103,7,not classed (see source figure),as heat-treated (no additional finishing),push-pull,True,285.0877192982456,70477,False,
103,9,not classed (see source figure),as heat-treated (no additional finishing),push-pull,True,438.59649122807014,23337,False,
104,1,not classed (see source figure),as heat-treated (no additional finishing),push-pull,True,219.29824561403507,253107,False,
104,10,not classed (see source figure),as heat-treated (no additional finishing),push-pull,True,137.06140350877192,20000000,True,
104,11,not classed (see source figure),as heat-treated (no additional finishing),push-pull,True,197.36842105263156,331644,False,
104,12,not classed (see source figure),as heat-treated (no additional finishing),push-pull,True,252.19298245614036,155435,False,
104,13,not classed (see source figure),as heat-treated (no additional finishing),push-pull,True,383.77192982456137,46426,False,
104,16,not classed (see source figure),as heat-treated (no additional finishing),push-pull,True,328.9473684210526,97077,False,
104,2,not classed (see source figure),as heat-treated (no additional finishing),push-pull,True,175.43859649122805,480974,False,
104,3,not classed (see source figure),as heat-treated (no additional finishing),push-pull,True,131.57894736842104,10000000,True,
104,4,not classed (see source figure),as heat-treated (no additional finishing),push-pull,True,153.50877192982455,1062238,False,
104,5,not classed (see source figure),as heat-treated (no additional finishing),push-pull,True,328.9473684210526,93478,False,
104,6,not classed (see source figure),as heat-treated (no additional finishing),push-pull,True,142.5438596491228,790457,False,
104,7,not classed (see source figure),as heat-treated (no additional finishing),push-pull,True,285.0877192982456,140014,False,
104,8,not classed (see source figure),as heat-treated (no additional finishing),push-pull,True,142.5438596491228,1125090,False,
104,9,not classed (see source figure),as heat-treated (no additional finishing),push-pull,True,438.59649122807014,27527,False,
105,1,not classed (see source figure),as heat-treated (no additional finishing),push-pull,True,219.29824561403507,2316325,False,
105,12,not classed (see source figure),as heat-treated (no additional finishing),push-pull,True,252.19298245614036,449068,False,
105,13,not classed (see source figure),as heat-treated (no additional finishing),push-pull,True,383.7719298245613,82247,False,
105,16,not classed (see source figure),as heat-treated (no additional finishing),push-pull,True,328.9473684210526,122469,False,
105,17,not classed (see source figure),as heat-treated (no additional finishing),push-pull,True,231.11111111111111,914600,False,
105,18,not classed (see source figure),as heat-treated (no additional finishing),push-pull,True,213.3,10000000,True,
105,19,not classed (see source figure),as heat-treated (no additional finishing),push-pull,True,480.0,39355,False,
105,20,not classed (see source figure),as heat-treated (no additional finishing),push-pull,True,296.88888888888886,232141,False,
105,21,not classed (see source figure),as heat-treated (no additional finishing),push-pull,True,266.7,318096,False,
105,22,not classed (see source figure),as heat-treated (no additional finishing),push-pull,True,224.0,1108504,False,
105,5,not classed (see source figure),as heat-treated (no additional finishing),push-pull,True,328.9473684210526,139277,False,
105,7,not classed (see source figure),as heat-treated (no additional finishing),push-pull,True,285.0877192982456,274478,False,
105,9,not classed (see source figure),as heat-treated (no additional finishing),push-pull,True,438.59649122807014,53696,False,
106,1,not classed (see source figure),as heat-treated (no additional finishing),push-pull,True,219.29824561403507,279744,False,
106,11,not classed (see source figure),as heat-treated (no additional finishing),push-pull,True,197.36842105263162,260878,False,
106,12,not classed (see source figure),as heat-treated (no additional finishing),push-pull,True,252.19298245614036,92798,False,
106,13,not classed (see source figure),as heat-treated (no additional finishing),push-pull,True,383.7719298245613,37620,False,
106,17,not classed (see source figure),as heat-treated (no additional finishing),push-pull,True,231.11111111111111,189957,False,
106,2,not classed (see source figure),as heat-treated (no additional finishing),push-pull,True,175.43859649122805,871001,False,
106,25,not classed (see source figure),as heat-treated (no additional finishing),push-pull,True,164.4,10000000,True,
106,26,not classed (see source figure),as heat-treated (no additional finishing),push-pull,True,355.55555555555554,38632,False,
106,27,not classed (see source figure),as heat-treated (no additional finishing),push-pull,True,160.0,9232780,False,
106,29,not classed (see source figure),as heat-treated (no additional finishing),push-pull,True,188.44444444444443,366546,False,
106,30,not classed (see source figure),as heat-treated (no additional finishing),push-pull,True,177.77777777777777,803735,False,
106,4,not classed (see source figure),as heat-treated (no additional finishing),push-pull,True,153.50877192982458,10000000,True,
106,5,not classed (see source figure),as heat-treated (no additional finishing),push-pull,True,328.9473684210526,90257,False,
106,7,not classed (see source figure),as heat-treated (no additional finishing),push-pull,True,285.0877192982456,85817,False,
107,1,not classed (see source figure),as heat-treated (no additional finishing),push-pull,False,219.29824561403507,77997,False,
107,12,not classed (see source figure),as heat-treated (no additional finishing),push-pull,False,252.19298245614036,40269,False,
107,15,not classed (see source figure),as heat-treated (no additional finishing),push-pull,False,126.09649122807018,10000000,True,
107,2,not classed (see source figure),as heat-treated (no additional finishing),push-pull,False,175.43859649122805,153443,False,
107,20,not classed (see source figure),as heat-treated (no additional finishing),push-pull,False,296.88888888888886,27392,False,
107,3,not classed (see source figure),as heat-treated (no additional finishing),push-pull,False,131.57894736842104,692990,False,
107,31,not classed (see source figure),as heat-treated (no additional finishing),push-pull,False,115.55555555555556,10000000,True,
107,32,not classed (see source figure),as heat-treated (no additional finishing),push-pull,False,129.77777777777777,765373,False,
107,4,not classed (see source figure),as heat-treated (no additional finishing),push-pull,False,153.50877192982458,603223,False,
107,5,not classed (see source figure),as heat-treated (no additional finishing),push-pull,False,328.9473684210526,18878,False,
107,6,not classed (see source figure),as heat-treated (no additional finishing),push-pull,False,142.5438596491228,637872,False,
107,7,not classed (see source figure),as heat-treated (no additional finishing),push-pull,False,285.0877192982456,58982,False,
108,1,not classed (see source figure),as heat-treated (no additional finishing),push-pull,False,219.29824561403507,279783,False,
108,11,not classed (see source figure),as heat-treated (no additional finishing),push-pull,False,197.36842105263162,418194,False,
108,12,not classed (see source figure),as heat-treated (no additional finishing),push-pull,False,252.19298245614036,150088,False,
108,13,not classed (see source figure),as heat-treated (no additional finishing),push-pull,False,383.7719298245613,34819,False,
108,17,not classed (see source figure),as heat-treated (no additional finishing),push-pull,False,231.11111111111111,258525,False,
108,26,not classed (see source figure),as heat-treated (no additional finishing),push-pull,False,355.55555555555554,50818,False,
108,27,not classed (see source figure),as heat-treated (no additional finishing),push-pull,False,164.44444444444446,10000000,True,
108,29,not classed (see source figure),as heat-treated (no additional finishing),push-pull,False,188.44444444444443,577783,False,
108,30,not classed (see source figure),as heat-treated (no additional finishing),push-pull,False,177.77777777777777,10000000,True,
108,4,not classed (see source figure),as heat-treated (no additional finishing),push-pull,False,153.50877192982458,10000000,True,
108,5,not classed (see source figure),as heat-treated (no additional finishing),push-pull,False,328.9473684210526,74416,False,
108,7,not classed (see source figure),as heat-treated (no additional finishing),push-pull,False,285.0877192982456,116594,False,
110,1,"solid bar, circular, unnotched",as heat-treated (no additional finishing),push-pull,True,650.0,55650,False,
110,11,"solid bar, circular, unnotched",as heat-treated (no additional finishing),push-pull,True,550.0,158633,False,
110,12,"solid bar, circular, unnotched",as heat-treated (no additional finishing),push-pull,True,750.0,10068,False,
110,24,"solid bar, circular, unnotched",as heat-treated (no additional finishing),push-pull,True,550.0,2534353,True,
110,24B,"solid bar, circular, unnotched",as heat-treated (no additional finishing),push-pull,True,700.0,41324,False,
110,27,"solid bar, circular, unnotched",as heat-treated (no additional finishing),push-pull,True,700.0,30644,False,
110,28,"solid bar, circular, unnotched",as heat-treated (no additional finishing),push-pull,True,750.0,10146,False,
110,33,"solid bar, circular, unnotched",as heat-treated (no additional finishing),push-pull,True,450.0,3483768,True,
110,33B,"solid bar, circular, unnotched",as heat-treated (no additional finishing),push-pull,True,500.0,2551413,True,
110,33C,"solid bar, circular, unnotched",as heat-treated (no additional finishing),push-pull,True,512.0,753473,False,
110,36,"solid bar, circular, unnotched",as heat-treated (no additional finishing),push-pull,True,560.0,185610,False,
110,39,"solid bar, circular, unnotched",as heat-treated (no additional finishing),push-pull,True,600.0,60172,False,
110,4,"solid bar, circular, unnotched",as heat-treated (no additional finishing),push-pull,True,525.0,217739,False,
110,41,"solid bar, circular, unnotched",as heat-treated (no additional finishing),push-pull,True,600.0,65432,False,
110,47,"solid bar, circular, unnotched",as heat-treated (no additional finishing),push-pull,True,550.0,114589,False,
110,52,"solid bar, circular, unnotched",as heat-treated (no additional finishing),push-pull,True,575.0,100400,False,
111,10,"solid bar, circular, unnotched",as heat-treated (no additional finishing),push-pull,False,515.0,38160,False,
111,18,"solid bar, circular, unnotched",as heat-treated (no additional finishing),push-pull,False,500.0,42930,False,
111,2,"solid bar, circular, unnotched",as heat-treated (no additional finishing),push-pull,False,600.0,19,False,mistake :-(
111,20,"solid bar, circular, unnotched",as heat-treated (no additional finishing),push-pull,False,419.6115141021885,1964523,True,
111,29,"solid bar, circular, unnotched",as heat-treated (no additional finishing),push-pull,False,450.0,138328,False,
111,30,"solid bar, circular, unnotched",as heat-treated (no additional finishing),push-pull,False,440.0,171573,False,
111,34,"solid bar, circular, unnotched",as heat-treated (no additional finishing),push-pull,False,500.0,42203,False,
111,35,"solid bar, circular, unnotched",as heat-treated (no additional finishing),push-pull,False,485.0,102511,False,
111,42,"solid bar, circular, unnotched",as heat-treated (no additional finishing),push-pull,False,475.0,141603,False,
111,45,"solid bar, circular, unnotched",as heat-treated (no additional finishing),push-pull,False,475.0,173808,False,
111,49,"solid bar, circular, unnotched",as heat-treated (no additional finishing),push-pull,False,450.0,2175861,True,
111,51,"solid bar, circular, unnotched",as heat-treated (no additional finishing),push-pull,False,485.0,61777,False,
111,56,"solid bar, circular, unnotched",as heat-treated (no additional finishing),push-pull,False,425.0,7137087,True,
112,13,"solid bar, circular, unnotched",as heat-treated (no additional finishing),push-pull,False,346.0,5657738,True,
112,17,"solid bar, circular, unnotched",as heat-treated (no additional finishing),push-pull,False,345.0,4273063,False,
112,19,"solid bar, circular, unnotched",as heat-treated (no additional finishing),push-pull,False,340.0,1502308,False,
112,38,"solid bar, circular, unnotched",as heat-treated (no additional finishing),push-pull,False,350.0,788823,False,
112,40,"solid bar, circular, unnotched",as heat-treated (no additional finishing),push-pull,False,360.0,3156184,False,
112,46,"solid bar, circular, unnotched",as heat-treated (no additional finishing),push-pull,False,354.0,223770,False,
112,54,"solid bar, circular, unnotched",as heat-treated (no additional finishing),push-pull,False,354.0,1839930,False,
112,6,"solid bar, circular, unnotched",as heat-treated (no additional finishing),push-pull,False,360.0,257656,False,
112,7,"solid bar, circular, unnotched",as heat-treated (no additional finishing),push-pull,False,360.0,156149,False,
113,15,"solid bar, circular, unnotched",as heat-treated (no additional finishing),push-pull,False,665.0,52184,False,
113,21,"solid bar, circular, unnotched",as heat-treated (no additional finishing),push-pull,False,725.0,21443,False,
113,26,"solid bar, circular, unnotched",as heat-treated (no additional finishing),push-pull,False,550.0,856904,False,
113,3,"solid bar, circular, unnotched",as heat-treated (no additional finishing),push-pull,False,600.0,93913,False,
113,32,"solid bar, circular, unnotched",as heat-treated (no additional finishing),push-pull,False,600.0,94019,False,
113,37,"solid bar, circular, unnotched",as heat-treated (no additional finishing),push-pull,False,690.0,28392,False,
113,43,"solid bar, circular, unnotched",as heat-treated (no additional finishing),push-pull,False,690.0,36481,False,
113,44,"solid bar, circular, unnotched",as heat-treated (no additional finishing),push-pull,False,650.0,74415,False,
113,53,"solid bar, circular, unnotched",as heat-treated (no additional finishing),push-pull,False,550.0,164221,False,
113,8,"solid bar, circular, unnotched",as heat-treated (no additional finishing),push-pull,False,555.0,220183,False,
114,14,"solid bar, circular, unnotched",as heat-treated (no additional finishing),push-pull,False,625.0,291838,False,
114,16,"solid bar, circular, unnotched",as heat-treated (no additional finishing),push-pull,False,600.0,293691,False,
114,22,"solid bar, circular, unnotched",as heat-treated (no additional finishing),push-pull,False,675.0,62142,False,
114,23,"solid bar, circular, unnotched",as heat-treated (no additional finishing),push-pull,False,585.0,425498,False,
114,25,"solid bar, circular, unnotched",as heat-treated (no additional finishing),push-pull,False,570.0,5007147,True,
114,31,"solid bar, circular, unnotched",as heat-treated (no additional finishing),push-pull,False,585.0,365677,False,
114,48,"solid bar, circular, unnotched",as heat-treated (no additional finishing),push-pull,False,600.0,249638,False,
114,5,"solid bar, circular, unnotched",as heat-treated (no additional finishing),push-pull,False,675.0,29772,False,buckling?
114,50,"solid bar, circular, unnotched",as heat-treated (no additional finishing),push-pull,False,705.0,12647,False,buckling?
114,55,"solid bar, circular, unnotched",as heat-treated (no additional finishing),push-pull,False,625.0,164923,False,
114,9,"solid bar, circular, unnotched",as heat-treated (no additional finishing),push-pull,False,705.0,11421,False,buckling?
