symbol,atomic_number,atomic_radius,atomic_volume,block,density,dipole_polarizability,electron_affinity,evaporation_heat,fusion_heat,group_id,lattice_constant,lattice_structure,name,period,series_id,specific_heat_capacity,thermal_conductivity,vdw_radius,covalent_radius_cordero,covalent_radius_pyykko,en_pauling,proton_affinity,gas_basicity,heat_of_formation,c6,abundance_crust,abundance_sea,atomic_weight,is_monoisotopic,is_radioactive,atomic_radius_rahm,geochemical_class,goldschmidt_class,metallic_radius,metallic_radius_c12,covalent_radius_pyykko_double,covalent_radius_pyykko_triple,discovery_year,mendeleev_number,pettifor_number,glawe_number,molar_heat_capacity
H,1,25,14.1,s,8.20E-05,4.50711,0.754195,0.904,0.117,1,3.75,HEX,Hydrogen,1,1,14.304,0.1815,110,31,32,2.2,,,217.998,6.499026705,1400,108000,1.008,,0,154,volatile,atmophile,,78,,,1766,105,103,103,28.836
He,2,120,31.8,s,0.000164,1.38375,-19.7,0.08,,18,3.57,HEX,Helium,1,2,5.193,0.152,140,28,46,,177.8,148.5,,1.42,0.008,7.00E-06,4.002602,,0,134,volatile,atmophile,,122,,,1895,112,1,1,20.786
Li,3,145,13.1,s,0.534,164.1125,0.618049,148,2.89,1,3.49,BCC,Lithium,2,3,3.582,84.8,182,128,133,0.98,,,159.3,1392,20,0.18,6.94,,0,220,alkali metal,litophile,123,155,124,,1817,1,12,12,24.86
Be,4,105,5,s,1.85,37.74,-2.4,309,12.21,2,2.29,HEX,Beryllium,2,4,1.825,201,153,96,102,1.57,,,324,227,2.8,5.60E-06,9.0121831,1,0,219,alkaline earth metal,litophile,89,112,90,85,1798,75,77,77,16.443
B,5,85,4.6,p,2.34,20.5,0.279723,504.5,23.6,13,8.73,TET,Boron,2,5,1.026,27.4,192,84,85,2.04,,,565,99.5,10,4.44,10.81,,0,205,,litophile,80,98,78,73,1808,81,86,86,11.087
C,6,70,5.3,p,2.2,11.3,1.262119,,,14,3.57,DIA,Carbon,2,1,0.709,1.59,170,73,75,2.55,,,716.87,46.6,200,28,12.011,,0,190,semi-volatile,atmophile,,86,67,60,,87,95,87,8.517
N,7,65,17.3,p,0.001145,7.4,-1.4,,,15,4.039,HEX,Nitrogen,2,1,1.04,0.026,155,71,71,3.04,342.2,318.7,472.44,24.2,19,0.5,14.007,,0,179,volatile,atmophile,,53,60,54,1772,93,100,88,29.124
O,8,60,14,p,0.001308,5.3,1.4611135,,,16,6.83,CUB,Oxygen,2,1,0.918,0.027,152,66,63,3.44,485.2,459.6,249.229,15.6,461000,857000,15.999,,0,171,major,litophile,,,57,53,1774,99,101,97,29.378
F,9,50,17.1,p,0.001553,3.74,3.4011897,6.54,0.51,17,,MCL,Fluorine,2,6,0.824,0.028,147,57,64,3.98,340.1,315.1,79.335,9.52,585,1.3,18.99840316,1,0,163,semi-volatile,litophile,,,59,53,1886,106,102,102,31.304
Ne,10,160,16.8,p,0.000825,2.6611,,1.74,,18,4.43,FCC,Neon,2,2,1.03,,154,58,67,,198.8,174.4,,6.2,0.005,0.00012,20.1797,,0,156,volatile,atmophile,,,96,,1898,113,2,2,20.786
Na,11,180,23.7,s,0.97,162.7,0.547926,97.9,2.64,1,4.23,BCC,Sodium,3,3,1.228,142,227,166,155,0.93,,,107.5,1518,23600,10800,22.98976928,1,0,225,major,litophile,157,190,160,,1807,2,11,11,28.23
Mg,12,150,14,s,1.74,71.2,,131.8,9.2,2,3.21,HEX,Magnesium,3,4,1.023,156,173,141,139,1.31,819.6,797.3,147.1,626,23300,1290,24.305,,0,240,major,litophile,136,160,132,127,1808,76,73,73,24.869
Al,13,125,10,p,2.7,57.8,0.43283,284.1,10.75,13,4.05,FCC,Aluminum,3,7,0.897,237,184,121,126,1.61,,,330.9,528,82300,0.002,26.9815385,1,0,239,major,litophile,125,143,113,111,1825,82,80,78,24.2
Si,14,110,12.1,p,2.3296,37.3,1.3895211,383,50.6,14,5.43,DIA,Silicon,3,5,0.712,149,210,111,116,1.9,837,814.1,450,305,282000,2.2,28.085,,0,232,major,litophile,117,138,107,102,1824,88,85,85,19.99
P,15,100,17,p,1.823,25,0.746607,49.8,2.51,15,7.17,CUB,Phosphorus,3,1,0.769,,180,107,111,2.19,626.8,604.8,316.5,185,1050,0.06,30.973762,1,0,223,,litophile,110,128,102,94,1669,94,90,89,23.824
S,16,100,15.5,p,2.07,19.4,2.07710403,10.5,1.23,16,10.47,ORC,Sulfur,3,1,0.708,0.27,180,105,103,2.58,664.3,640.2,277.17,134,350,905,32.06,,0,214,semi-volatile,chalcophile,104,127,94,95,,100,94,96,22.7
Cl,17,100,18.7,p,0.002898,14.6,3.612725,20.41,6.41,17,6.24,ORC,Chlorine,3,6,0.479,0.009,175,102,99,3.16,513.6,490.1,121.302,94.6,145,19400,35.45,,0,206,semi-volatile,litophile,,91,95,93,1774,107,99,101,33.949
Ar,18,71,24.2,p,0.001633,11.083,-11.5,6.52,,18,5.26,FCC,Argon,3,2,0.52,0.0177,188,106,96,,369.2,346.3,,64.2,3.5,0.45,39.948,,0,197,volatile,atmophile,,,107,96,1894,114,3,3,20.786
K,19,220,45.3,s,0.89,289.7,0.50147,2.33,102.5,1,5.23,BCC,Potassium,4,3,0.757,79,275,203,196,0.82,,,89,3923,20900,399,39.0983,,0,234,alkali metal,litophile,203,235,193,,1807,3,10,10,29.6
Ca,20,180,29.9,s,1.54,160.8,0.02455,153.6,9.2,2,5.58,FCC,Calcium,4,4,0.647,,231,176,171,1,,,177.8,2163,41500,412,40.078,,0,270,major,litophile,174,197,147,133,1808,7,16,16,25.929
Sc,21,160,15,d,2.99,97,0.188,332.7,15.8,3,3.31,HEX,Scandium,4,8,0.568,15.8,215,170,148,1.36,914,892,377.8,1383,22,6.00E-07,44.955908,1,0,263,first series transition metal,litophile,144,162,116,114,1879,11,20,48,25.52
Ti,22,140,10.6,d,4.506,100,0.079,422.6,18.8,4,2.95,HEX,Titanium,4,8,0.523,21.9,211,160,136,1.54,876,853.7,473,1044,5650,0.001,47.867,,0,257,first series transition metal,litophile,132,147,117,108,1791,43,51,51,25.06
V,23,135,8.35,d,6,87,0.525,460,17.5,5,3.02,BCC,Vanadium,4,8,0.489,30.7,207,153,134,1.63,859.4,836.8,515.5,832,120,0.0025,50.9415,,0,252,first series transition metal,litophile,122,134,112,106,1830,47,54,54,24.89
Cr,24,140,7.23,d,7.15,83,0.666,342,21,6,2.88,BCC,Chromium,4,8,0.449,93.9,206,139,122,1.66,791.3,768.4,397.48,602,102,0.0003,51.9961,,0,233,first series transition metal,litophile,119,128,111,103,1797,51,57,55,23.35
Mn,25,140,7.39,d,7.3,68,,221,13.4,7,8.89,CUB,Manganese,4,8,0.479,,205,150,119,1.55,797.3,774.4,283.3,552,950,0.0002,54.938044,1,0,242,first series transition metal,siderophile,118,127,105,103,1774,55,60,72,26.32
Fe,26,140,7.1,d,7.87,62,0.151,340,13.8,8,2.87,BCC,Iron,4,8,0.449,80.4,204,142,116,1.83,754,731.1,415.5,482,56300,0.002,55.845,,0,237,major,siderophile,117,126,109,102,,59,61,71,25.1
Co,27,135,6.7,d,8.86,55,0.66225646,389.1,15.48,9,2.51,HEX,Cobalt,4,8,0.421,100,200,138,111,1.88,742.7,719.8,426.7,408,25,2.00E-05,58.933194,1,0,233,first series transition metal,siderophile,116,125,103,96,1739,63,64,70,24.81
Ni,28,135,6.6,d,8.9,49,1.156,378.6,17.61,10,3.52,FCC,Nickel,4,8,0.444,90.9,197,124,110,1.91,737,714.1,430.1,373,84,0.00056,58.6934,,0,229,first series transition metal,siderophile,115,124,101,101,1751,67,67,69,26.07
Cu,29,135,7.1,d,8.96,46.5,1.235,304.6,13.01,11,3.61,FCC,Copper,4,8,0.385,401,196,132,112,1.9,655.3,632.4,337.4,253,60,0.00025,63.546,,0,217,first series transition metal,chalcophile,118,128,115,120,,71,72,68,24.44
Zn,30,135,9.2,d,7.134,38.67,,114.8,7.28,12,2.66,HEX,Zinc,4,8,0.388,116,201,122,118,1.65,608.6,586,130.4,284,70,0.0049,65.38,,0,222,first series transition metal,chalcophile,121,134,120,,,77,76,74,25.39
Ga,31,130,11.8,p,5.91,50,0.43,270.3,5.59,13,4.51,ORC,Gallium,4,7,0.373,28.1,187,122,124,1.81,,,271.96,498,19,3.00E-05,69.723,,0,233,,chalcophile,125,140,117,121,1875,83,81,79,26.03
Ge,32,125,13.6,p,5.3234,40,1.232712,328,36.8,14,5.66,DIA,Germanium,4,5,0.32,60.2,211,120,121,2.01,,,372,354,1.5,5.00E-05,72.63,,0,234,,chalcophile,124,144,111,114,1886,89,84,84,23.222
As,33,115,13.1,p,5.75,30,0.804,32.4,,15,4.13,RHL,Arsenic,4,5,0.329,,185,119,121,2.18,,,302.5,246,1.8,0.0037,74.921595,1,0,231,semi-volatile,chalcophile,121,148,114,106,,95,89,90,24.64
Se,34,115,16.5,p,4.809,28.9,2.02067,59.7,5.23,16,4.36,HEX,Selenium,4,1,0.321,0.52,190,120,116,2.55,,,227.2,210,0.05,0.0002,78.971,,0,224,semi-volatile,chalcophile,117,140,107,107,1818,101,93,95,25.363
Br,35,115,23.5,p,3.1028,21,3.3635882,29.56,10.57,17,6.67,ORC,Bromine,4,6,0.474,0.005,185,120,114,2.96,554.4,531.2,111.85,162,2.4,67.3,79.904,,0,219,semi-volatile,litophile,,117,109,110,1826,108,98,100,75.69
Kr,36,,32.2,p,0.003425,16.78,,9.05,,18,5.72,FCC,Krypton,4,2,0.248,0.0095,202,116,117,,424.6,402.4,,130,0.0001,0.00021,83.798,,0,212,volatile,atmophile,,,121,108,1898,115,4,4,20.786
Rb,37,235,55.9,s,1.53,319.8,0.48592,75.8,2.2,1,5.59,BCC,Rubidium,5,3,0.363,58.2,303,220,210,0.82,,,80.9,4769,90,0.12,85.4678,,0,240,alkali metal,litophile,216,248,202,,1861,4,9,9,31.06
Sr,38,200,33.7,s,2.64,197.2,0.048,144,9.2,2,6.08,FCC,Strontium,5,4,0.306,,249,195,185,0.95,,,164,3175,370,7.9,87.62,,0,279,alkaline earth metal,litophile,191,215,157,139,1790,8,15,15,26.79
Y,39,180,19.8,d,4.47,162,0.307,367,11.5,3,3.65,HEX,Yttrium,5,8,0.298,,232,190,163,1.22,967,945.9,424.7,,33,1.30E-05,88.90584,1,0,274,rare earth & related,litophile,162,180,130,124,1789,12,19,21,26.53
Zr,40,155,14.1,d,6.52,112,0.426,567,19.2,4,3.23,HEX,Zirconium,5,8,0.278,22.7,223,175,154,1.33,,,610,,165,3.00E-05,91.224,,0,269,high field strength,litophile,145,160,127,121,1789,44,49,49,25.36
Nb,41,145,10.8,d,8.57,98,0.917406,680,26.8,5,3.3,BCC,Niobium,5,8,0.265,53.7,218,164,147,1.6,,,733,,20,1.00E-05,92.90637,1,0,251,high field strength,litophile,134,146,125,116,1801,48,52,53,24.6
Mo,42,145,9.4,d,10.2,87,0.748,590,28,6,3.15,BCC,Molybdenum,5,8,0.251,,217,154,138,2.16,,,658.98,,1.2,0.01,95.95,,0,244,,siderophile,130,139,121,113,1778,52,55,56,24.06
Tc,43,135,8.5,d,11,79,0.55,585,23.8,7,2.74,HEX,Technetium,5,8,,50.6,216,147,128,2.1,,,678,,,,97.90721,,1,252,,synthetic,127,136,120,110,1937,56,58,59,
Ru,44,130,8.3,d,12.1,72,1.05,,25.5,8,2.7,HEX,Ruthenium,5,8,0.238,117,213,146,125,2.2,774,751.4,650.6,,0.001,7.00E-07,101.07,,0,237,noble metal,siderophile,125,134,114,103,1844,60,63,61,24.06
Rh,45,135,8.3,d,12.4,66,1.137,494,21.8,9,3.8,FCC,Rhodium,5,8,0.243,150,210,142,125,2.28,768,745.4,556,,0.001,,102.9055,1,0,233,noble metal,siderophile,125,134,110,106,1803,64,66,63,24.98
Pd,46,140,8.9,d,12,26.14,0.562,372.4,17.24,10,3.89,FCC,Palladium,5,8,0.246,71.8,210,139,120,2.2,696,673.4,376.6,,0.015,,106.42,,0,215,noble metal,siderophile,128,137,117,112,1803,68,69,65,25.98
Ag,47,160,10.3,d,10.5,55,1.302,254.1,11.95,11,4.09,FCC,Silver,5,8,0.235,429,211,145,128,1.93,,,284.9,,0.075,4.00E-05,107.8682,,0,225,,chalcophile,134,144,139,137,,72,71,67,25.35
Cd,48,155,13.1,d,8.69,46,,59.1,6.11,12,2.98,HEX,Cadmium,5,8,0.232,96.9,218,144,136,1.69,,,111.8,,0.15,0.00011,112.414,,0,238,,chalcophile,138,151,144,,1817,78,75,75,26.02
In,49,155,15.7,p,7.31,65,0.3,225.1,3.24,13,4.59,TET,Indium,5,7,0.233,81.8,193,142,142,1.78,,,243,779,0.25,0.02,114.818,,0,246,,chalcophile,142,158,136,146,1863,84,79,80,26.74
Sn,50,145,16.3,p,7.287,53,1.112067,296,7.07,14,5.82,TET,Tin,5,7,0.227,66.8,217,139,140,1.96,,,301.2,659,2.3,4.00E-06,118.71,,0,248,,chalcophile,142,163,130,132,,90,83,83,26.99
Sb,51,145,18.4,p,6.68,43,1.046,195.2,20.08,15,4.51,RHL,Antimony,5,5,0.207,24.43,206,139,140,2.05,,,264.4,492,0.2,0.00024,121.76,,0,246,semi-volatile,chalcophile,139,166,133,127,,96,88,91,25.23
Te,52,140,20.5,p,6.232,38,1.970876,49.8,17.91,16,4.45,HEX,Tellurium,5,5,0.202,14.3,206,138,136,2.1,,,196.6,445,0.001,,127.6,,0,242,semi-volatile,chalcophile,137,160,128,121,1782,102,92,94,25.73
I,53,140,25.7,p,4.933,32.9,3.0590368,41.95,15.52,17,7.72,ORC,Iodine,5,6,0.214,,198,139,133,2.66,608.2,583.5,106.757,385,0.45,0.06,126.90447,1,0,238,semi-volatile,litophile,,139,129,125,1811,109,97,99,54.43
Xe,54,,42.9,p,0.005366,27.32,-0.056,12.65,,18,6.2,FCC,Xenon,5,2,0.158,0.0057,216,140,131,2.6,499.6,478.1,,,3.00E-05,5.00E-05,131.293,,0,232,volatile,atmophile,,,135,122,1898,116,5,5,20.786
Cs,55,260,70,s,1.873,400.9,0.471626,68.3,2.09,1,6.05,BCC,Cesium,6,3,0.242,35.9,343,244,232,0.79,,,76.5,,3,0.0003,132.905452,1,0,249,alkali metal,litophile,235,267,209,,1860,5,8,8,32.21
Ba,56,215,39,s,3.62,272,0.14462,142,7.66,2,5.02,BCC,Barium,6,4,0.204,,268,215,196,0.89,,,179.1,,425,0.013,137.327,,0,293,alkaline earth metal,litophile,198,222,161,149,1808,9,14,14,28.07
La,57,195,22.5,d,6.15,215,0.47,402,8.5,3,3.75,HEX,Lanthanum,6,9,0.195,13.4,243,207,180,1.1,1013,991.9,431,,39,3.40E-06,138.90547,,0,284,rare earth & related,litophile,169,187,139,139,1839,13,33,32,27.11
Ce,58,185,21,f,6.77,205,0.65,398,5.2,,5.16,FCC,Cerium,6,9,0.192,11.3,242,204,163,1.12,,,420.1,,66.5,1.20E-06,140.116,,0,282,rare earth & related,litophile,,,137,131,1803,15,32,31,26.94
Pr,59,185,20.8,f,6.773,216,0.962,331,11.3,,3.67,HEX,Praseodymium,6,9,0.193,12.5,240,203,176,1.13,,,356.9,,9.2,6.40E-07,140.90766,1,0,286,rare earth & related,litophile,,,138,128,1885,17,31,30,27.2
Nd,60,185,20.6,f,7.01,208,1.916,289,7.1,,3.66,HEX,Neodymium,6,9,0.19,,239,201,174,1.14,,,326.9,,41.5,2.80E-06,144.242,,0,284,rare earth & related,litophile,,,137,,1925,19,30,29,27.45
Pm,61,185,,f,7.26,200,,,,,,,Promethium,6,9,,17.9,238,199,173,,,,,,,,144.91276,,1,283,rare earth & related,litophile,,,135,,1945,21,29,28,
Sm,62,185,19.9,f,7.52,192,,165,8.9,,9,RHL,Samarium,6,9,0.197,,236,198,172,1.17,,,206.7,,7.05,4.50E-07,150.36,,0,280,rare earth & related,litophile,,,134,,1879,23,28,27,29.54
Eu,63,185,28.9,f,5.24,184,0.864,176,,,4.61,BCC,Europium,6,9,0.182,13.9,235,198,168,,,,177.4,,2,1.30E-07,151.964,,0,280,rare earth & related,litophile,,,134,,1901,25,18,17,27.66
Gd,64,180,19.9,f,7.9,158,,398,,,3.64,HEX,Gadolinium,6,9,0.236,,234,196,169,1.2,,,397.5,,6.2,7.00E-07,157.25,,0,277,rare earth & related,litophile,,,135,132,1880,27,27,26,37.03
Tb,65,175,19.2,f,8.23,170,1.165,389,,,3.6,HEX,Terbium,6,9,0.182,11.1,233,194,168,,,,388.7,,1.2,1.40E-07,158.92535,1,0,276,rare earth & related,litophile,,,135,,1843,29,26,25,28.91
Dy,66,175,19,f,8.55,163,0.352,291,,,3.59,HEX,Dysprosium,6,9,0.173,10.7,231,192,167,1.22,,,290.4,,5.2,9.10E-07,162.5,,0,275,rare earth & related,litophile,,,133,,1886,31,25,24,28.16
Ho,67,175,18.7,f,8.8,156,,301,,,3.58,HEX,Holmium,6,9,0.165,,230,192,166,1.23,,,300.6,,1.3,2.20E-07,164.93033,1,0,273,rare earth & related,litophile,,,133,,1878,33,24,23,27.15
Er,68,175,18.4,f,9.07,150,,317,,,3.56,HEX,Erbium,6,9,0.168,,229,189,165,1.24,,,316.4,,3.5,8.70E-07,167.259,,0,272,rare earth & related,litophile,,,133,,1843,35,23,22,28.12
Tm,69,175,18.1,f,9.321,144,1.029,232,,,3.54,HEX,Thulium,6,9,0.16,,227,190,164,1.25,,,232.2,,0.52,1.70E-07,168.93422,1,0,271,rare earth & related,litophile,,,131,,1879,37,22,20,27.03
Yb,70,175,24.8,f,6.9,139,-0.02,159,3.35,,5.49,FCC,Ytterbium,6,9,0.155,,226,187,170,,,,155.6,,3.2,8.20E-07,173.045,,0,277,rare earth & related,litophile,,,129,,1878,39,17,18,26.74
Lu,71,175,17.8,f,9.84,137,0.34,414,,,3.51,HEX,Lutetium,6,8,0.154,,224,187,162,1,992,970.6,427.6,,0.8,1.50E-07,174.9668,,0,270,rare earth & related,litophile,,,131,131,1907,41,21,19,26.86
Hf,72,155,13.6,d,13.3,103,0.014,575,25.1,4,3.2,HEX,Hafnium,6,8,0.144,23,223,175,152,1.3,,,618.4,,3,7.00E-06,178.49,,0,264,high field strength,litophile,144,159,128,122,1923,45,50,50,25.73
Ta,73,145,10.9,d,16.4,74,0.322,758,24.7,5,3.31,BCC,Tantalum,6,8,0.14,57.5,222,170,146,1.5,,,782,,2,2.00E-06,180.94788,,0,258,high field strength,litophile,134,146,126,119,1802,49,53,52,25.36
W,74,135,9.53,d,19.3,68,0.81626,824,35,6,3.16,BCC,Tungsten,6,8,0.132,173,218,162,137,1.7,,,851,,1.25,0.0001,183.84,,0,253,,litophile,130,139,120,115,1783,53,56,57,24.27
Re,75,135,8.85,d,20.8,62,0.15,704,34,7,2.76,HEX,Rhenium,6,8,0.137,48,216,151,131,1.9,,,774,,0.0007,4.00E-06,186.207,,0,249,,siderophile,128,137,119,110,1925,57,59,58,25.48
Os,76,130,8.43,d,22.5872,57,1.1,738,31.7,8,2.74,HEX,Osmium,6,8,0.13,,216,144,129,2.2,,,787,,0.0015,,190.23,,0,244,noble metal,siderophile,126,135,116,109,1804,61,62,60,24.7
Ir,77,135,8.54,d,22.5622,54,1.5638,604,27.61,9,3.84,FCC,Iridium,6,8,0.131,147,213,141,122,2.2,,,669,,0.001,,192.217,,0,240,noble metal,siderophile,127,136,115,107,1804,65,65,62,25.1
Pt,78,135,9.1,d,21.5,48,2.128,470,21.76,10,3.92,FCC,Platinum,6,8,0.133,71.6,213,136,123,2.2,,,565.7,,0.005,,195.084,,0,230,noble metal,siderophile,130,139,112,110,1735,69,68,64,25.86
Au,79,135,10.2,d,19.3,36,2.30863,340,12.68,11,4.08,FCC,Gold,6,8,0.129,318,214,136,124,2.4,,,368.2,,0.004,4.00E-06,196.966569,1,0,226,noble metal,siderophile,134,144,121,123,,73,70,66,25.418
Hg,80,150,14.8,d,13.5336,33.91,,58.5,2.295,12,2.99,RHL,Mercury,6,8,0.14,8.3,223,132,133,1.9,,,61.38,,0.085,3.00E-05,200.592,,0,229,,chalcophile,139,151,142,,,79,74,76,27.983
Tl,81,190,17.2,p,11.8,50,0.377,162.4,4.31,13,3.46,HEX,Thallium,6,7,0.129,46.1,196,145,144,1.8,,,182.2,,0.85,1.90E-05,204.38,,0,242,,chalcophile,144,160,142,150,1861,85,78,81,26.32
Pb,82,180,18.3,p,11.3,47,0.35674316,177.8,4.77,14,4.95,FCC,Lead,6,7,0.13,35.3,202,146,144,1.8,,,195.2,,14,3.00E-05,207.2,,0,249,,chalcophile,150,170,135,137,,91,82,82,26.84
Bi,83,160,21.3,p,9.79,48,0.942362,172,11,15,4.75,RHL,Bismuth,6,7,0.122,7.9,207,148,151,1.9,,,209.6,,0.0085,2.00E-05,208.9804,1,0,250,,chalcophile,151,178,141,135,,97,87,92,25.52
Po,84,190,22.7,p,9.2,44,1.9,102.9,10,16,3.35,SC,Polonium,6,5,,,197,140,145,2,,,,,2.00E-10,1.50E-14,209,,1,250,U/Th decay series,synthetic,,,135,129,1898,103,91,93,
At,85,,,p,7,42,2.8,,,17,,,Astatine,6,6,,,202,150,147,2.2,,,,,,,210,,1,247,U/Th decay series,synthetic,,,138,138,1940,110,96,98,
Rn,86,,,p,0.009074,35,,18.1,,18,,FCC,Radon,6,2,0.094,0.0036,220,150,142,,,,,,4.00E-13,6.00E-16,222,,1,243,U/Th decay series,synthetic,,,145,133,1898,117,6,6,20.786
Fr,87,,,s,1.87,317.8,0.486,,15,1,,BCC,Francium,7,3,,,348,260,223,0.7,,,,,,,223,,1,258,U/Th decay series,synthetic,,,218,,1939,6,7,7,
Ra,88,215,45,s,5,246,0.1,113,9.6,2,,,Radium,7,4,,,283,221,201,0.9,,,159,,9.00E-07,8.90E-11,226,,1,292,U/Th decay series,litophile,,,173,159,1898,10,13,13,
Ac,89,195,22.54,d,10,203,0.35,292.9,10.5,3,5.31,FCC,Actinium,7,10,0.12,,247,215,186,1.1,,,406,,5.50E-10,,227,,1,293,U/Th decay series,synthetic,,,153,140,1899,14,48,33,27.2
Th,90,180,19.8,f,11.7,217,,513.7,16.11,,5.08,FCC,Thorium,7,10,0.118,,245,206,175,1.3,,,602,,9.6,1.00E-06,232.0377,,1,288,rare earth & related,litophile,,,143,136,1828,16,47,34,27.32
Pa,91,180,15,f,15.4,154,,481.2,16.7,,3.92,TET,Protactinium,7,10,,,243,200,169,1.5,,,563,,1.40E-06,5.00E-11,231.03588,1,1,285,U/Th decay series,litophile,,,138,129,1917,18,46,35,
U,92,175,12.5,f,19.1,129,,417,12.6,,2.85,ORC,Uranium,7,10,0.116,27.5,241,196,170,1.7,995.2,973.2,533,,2.7,0.0032,238.02891,,1,283,rare earth & related,litophile,,,134,118,1789,20,45,36,27.665
Np,93,175,21.1,f,20.2,151,,336,9.6,,4.72,ORC,Neptunium,7,10,,,239,190,171,1.3,,,464.8,,,,237,,1,281,,synthetic,,,136,116,1940,22,44,37,
Pu,94,175,,f,19.7,132,,343.5,2.8,,,MCL,Plutonium,7,10,,,243,187,172,1.3,,,345,,,,244,,1,278,,synthetic,,,135,,1940,24,43,38,
Am,95,175,20.8,f,12,131,,238.5,10,,,,Americium,7,10,,,244,180,166,,,,284,,,,243,,1,276,,synthetic,,,135,,1945,26,42,39,
Cm,96,,18.28,f,13.51,144,,,,,,,Curium,7,10,,,245,169,166,,,,386,,,,247,,1,276,,synthetic,,,136,,1944,28,41,40,
Bk,97,,,f,14.78,125,,,,,,,Berkelium,7,10,,,244,,168,,,,310,,,,247,,1,,,synthetic,,,139,,1949,30,40,41,
Cf,98,,,f,15.1,122,,,,,,,Californium,7,10,,,245,,168,,,,196,,,,251,,1,,,synthetic,,,140,,1950,32,39,42,
Es,99,,,f,8.84,118,,,,,,,Einsteinium,7,10,,,245,,165,,,,133,,,,252,,1,,,synthetic,,,140,,1952,34,38,43,
Fm,100,,,f,9.7,113,,,,,,,Fermium,7,10,,,245,,167,,,,,,,,257,,1,,,synthetic,,,,,1953,36,37,44,
Md,101,,,f,10.3,109,,,,,,,Mendelevium,7,10,,,246,,173,,,,,,,,258,,1,,,synthetic,,,139,,1955,38,36,45,
No,102,,,f,9.9,110,,,,,,,Nobelium,7,10,,,246,,176,,,,,,,,259,,1,,,synthetic,,,,,1957,40,35,46,
Lr,103,,,f,15.6,320,,,,,,,Lawrencium,7,8,,,246,,161,,,,,,,,262,,1,,,synthetic,,,141,,1961,42,34,47,
Rf,104,,,d,23.3,112,,,,4,,,Rutherfordium,7,8,,,,,157,,,,,,,,267,,1,,,synthetic,,,140,131,1969,46,,,
Db,105,,,d,29.3,42,,,,5,,,Dubnium,7,8,,,,,149,,,,,,,,268,,1,,,synthetic,,,136,126,1970,50,,,
Sg,106,,,d,35,40,,,,6,,,Seaborgium,7,8,,,,,143,,,,,,,,271,,1,,,synthetic,,,128,121,1974,54,,,
Bh,107,,,d,37.1,38,,,,7,,,Bohrium,7,8,,,,,141,,,,,,,,274,,1,,,synthetic,,,128,119,1976,58,,,
Hs,108,,,d,40.7,36,,,,8,,,Hassium,7,8,,,,,134,,,,,,,,269,,1,,,synthetic,,,125,118,1984,62,,,
Mt,109,,,d,37.4,34,,,,9,,,Meitnerium,7,8,,,,,129,,,,,,,,276,,1,,,synthetic,,,125,113,1982,66,,,
Ds,110,,,d,34.8,32,,,,10,,,Darmstadtium,7,8,,,,,128,,,,,,,,281,,1,,,synthetic,,,116,118,1994,70,,,
Rg,111,,,d,28.7,32,,,,11,,,Roentgenium,7,8,,,,,121,,,,,,,,281,,1,,,synthetic,,,116,118,1994,74,,,
Cn,112,,,d,14,28,,,,12,,,Copernicium,7,8,,,,,122,,,,,,,,285,,1,,,synthetic,,,137,130,1996,80,,,
Nh,113,,,p,16,29,,,,13,,,Nihonium,7,7,,,,,136,,,,,,,,286,,1,,,synthetic,,,,,2015,86,,,
Fl,114,,,p,9.928,31,,,,14,,,Flerovium,7,7,,,,,143,,,,,,,,289,,1,,,synthetic,,,,,1998,92,,,
Mc,115,,,p,13.5,71,,,,15,,,Moscovium,7,7,,,,,162,,,,,,,,288,,1,,,synthetic,,,,,2003,98,,,
Lv,116,,,p,12.9,,,,,16,,,Livermorium,7,7,,,,,175,,,,,,,,293,,1,,,synthetic,,,,,2000,104,,,
Ts,117,,,p,7.2,76,,,,17,,,Tennessine,7,6,,,,,165,,,,,,,,294,,1,,,synthetic,,,,,2010,111,,,
Og,118,,,p,7,58,0.056,,,18,,,Oganesson,7,2,,,,,157,,,,,,,,294,,1,,,synthetic,,,,,2002,118,,,