material_id,formula_pretty,nelements,nsites,crystal_system,density,formation_energy_per_atom,band_gap,energy_above_hull
mp-13,Fe,1,2,Cubic,7.902858241785766,0.0,0.0,0.0
mp-51,Li,1,1,Cubic,0.5664547506799501,0.0016723733333336988,0.0,0.0016723733333336988
mp-135,Li,1,1,Cubic,0.566612617777099,0.009650863333333426,0.0,0.009650863333333426
mp-136,Fe,1,2,Hexagonal,9.40774412148467,0.09780592000000077,0.0,0.09780592000000077
mp-150,Fe,1,1,Cubic,7.593373845581131,0.14836450000000134,0.0,0.14836450000000134
mp-841,Li2O2,2,8,Hexagonal,2.414495377117451,-1.6501702366666664,1.9742999999999997,0.0
mp-1456,Fe2O3,2,160,Tetragonal,4.561835820694543,-1.58773147175,1.5673,0.11935988124999941
mp-1960,Li2O,2,3,Cubic,1.9693024788017823,-2.0615979138888885,4.8986,0.0
mp-10173,Li,1,2,Hexagonal,0.5732924179549858,0.005987748333333709,0.0,0.005987748333333709
mp-12957,O2,1,8,Monoclinic,1.974484493998944,0.0,1.3316,0.0
mp-18731,Fe3O4,2,14,Orthorhombic,5.323013172831347,-1.5368970028571423,0.7548000000000004,0.10574521714285723
mp-18782,LiFeO2,3,8,Tetragonal,4.2317054019843345,-1.924714834583333,0.0,0.02022191312499988
mp-18905,FeO,2,4,Cubic,6.162133089124329,-1.0713446424999997,0.0,0.41017474499999995
mp-19306,Fe3O4,2,14,Cubic,5.108710530073788,-1.6295829685714278,0.0,0.013059251428572338
mp-19419,LiFeO2,3,4,Trigonal,4.360258798712209,-1.870063350833333,1.6720000000000002,0.07487339687499972
mp-19511,Li5FeO4,3,80,Orthorhombic,2.7301725409511324,-2.0420257446666676,3.0546,0.0
mp-19770,Fe2O3,2,10,Trigonal,5.143372290086497,-1.7070913529999998,0.0,0.0
mp-21735,LiFe5O8,3,56,Cubic,4.49529652695179,-1.711984710059524,1.318,0.06306247000000287
mp-25236,FeO2,2,3,Trigonal,3.8240681170742508,-1.1486597166666666,0.0,0.2739164108333343
mp-25332,FeO2,2,6,Tetragonal,4.2266535701155314,-1.2554228516666666,0.0,0.16715327583333384
mp-25386,Li(FeO2)2,3,14,Cubic,4.020542631449959,-1.6918477347619043,0.0,0.03237830128571595
mp-31770,Fe3O4,2,14,Orthorhombic,4.902467835926251,-1.627935621428571,0.0,0.014706598571429197
mp-32939,Fe7O8,2,15,Cubic,5.280804446061566,-1.4587677839999997,0.0,0.0979422586666665
mp-33551,LiFe5O8,3,14,Trigonal,4.898361529295826,-1.6385234959523811,1.1879000000000004,0.13652368410714555
mp-505595,Fe3O4,2,28,Orthorhombic,4.851910926802462,-1.4787396389285712,0.35809999999999986,0.16390258107142852
mp-510080,Fe2O3,2,20,Orthorhombic,5.117896042080235,-1.5763701475000005,1.3094999999999999,0.13072120549999866
mp-510252,Fe3O4,2,28,Orthorhombic,4.865094760004309,-1.5701526410714277,0.24350000000000005,0.07248957892857177
mp-510746,Fe5O8,2,52,Cubic,4.531623401783012,-1.477982225961539,0.0,0.1634517673076914
mp-530048,Fe21O32,2,53,Trigonal,4.907492045547028,-1.4962829920754719,0.0,0.19470372551886772
mp-530050,Fe43O64,2,107,Monoclinic,4.582091173654353,-1.5867655496261677,0.8886999999999996,0.11610950495327188
mp-540003,FeO2,2,12,Cubic,4.300834196477164,-1.1024695450000006,0.0,0.32010658250000024
mp-542896,Fe2O3,2,40,Orthorhombic,4.73497833254106,-1.5912467684999996,1.4309,0.11584458449999957
mp-557546,Fe2O3,2,30,Trigonal,4.134636609292254,-1.1792943676666663,0.0,0.5277969853333335
mp-558312,Li2O2,2,8,Hexagonal,2.0008925189353968,-1.5074460079166667,1.6379,0.14272422874999968
mp-560602,O2,1,24,Orthorhombic,1.900746171884904,0.41129867541666637,1.3241,0.4112986754166661
mp-565814,Fe2O3,2,40,Cubic,4.861809525403182,-1.6357924572499996,1.3902,0.07129889575000004
mp-567337,Li,1,8,Cubic,0.5700427417876154,0.008819463333333388,0.0,0.008819463333333388
mp-568345,Fe,1,6,Cubic,6.8134720473942405,0.7614121600000008,0.0,0.7614121600000008
mp-586092,Li3Fe5O8,3,64,Orthorhombic,4.66236104151954,-1.7782995015624996,0.2833999999999999,0.050782906093750135
mp-604313,Li,1,4,Cubic,0.5216169505171735,0.2617987441666667,0.0,0.2617987441666667
mp-607540,O2,1,2,Orthorhombic,2.4009219686995356,0.12115633999999975,0.0,0.12115633999999975
mp-610917,O2,1,2,Trigonal,1.465034570230851,0.012108549999999774,1.2982999999999998,0.012108549999999774
mp-611817,Fe3O4,2,14,Cubic,4.085445893646752,-0.9396096378571427,0.0,0.7030325821428569
mp-611836,O2,1,2,Monoclinic,1.5367838254758417,0.009970109999999366,1.3142999999999998,0.009970109999999366
mp-612405,Fe3O4,2,14,Monoclinic,5.145893557482782,-1.467904426428571,0.3799000000000001,0.1747377935714285
mp-650112,Fe3O4,2,56,Orthorhombic,4.858082411378452,-1.5858391619642853,0.9248000000000003,0.056803058035713505
mp-685153,Fe2O3,2,160,Triclinic,4.680793651103033,-1.481733684625,0.9977,0.2253576683749996
mp-685404,Li10Fe21O32,3,63,Triclinic,4.863827639065984,-1.6794561578306886,0.0,0.11419901119047626
mp-694910,Fe35O36,2,71,Triclinic,5.59451286578972,-0.7140460522535211,0.21050000000000013,0.7833586849295777
mp-705414,Fe13O14,2,27,Trigonal,5.46970062358868,-1.4520758214814808,0.0,0.0712161522222221
mp-705416,Fe3O4,2,56,Orthorhombic,4.863682586352175,-1.4994083048214282,1.1298999999999997,0.14323391517857154
mp-705417,Fe11O12,2,23,Triclinic,5.377099398533975,-1.4817329317391306,1.3876,0.04882383956521785
mp-705424,Fe17O18,2,35,Triclinic,5.436285634638037,-1.4740563385714285,1.5382999999999996,0.0396876154285728
mp-705547,Fe2O3,2,40,Monoclinic,4.663633346895783,-1.5472384212500003,0.8159000000000001,0.15985293174999882
mp-705551,Fe15O16,2,31,Triclinic,5.292031236237009,-1.4415632906451612,1.1413000000000002,0.07633867193548305
mp-705553,Fe23O25,2,48,Triclinic,5.415711461412236,-1.4789985053125,1.2771000000000003,0.04951504166666609
mp-705555,Fe10O11,2,42,Triclinic,5.3600072760582815,-1.490957769047618,1.4182999999999995,0.04426922928571564
mp-705558,Fe7O9,2,48,Triclinic,4.103433693304866,-1.404771015937501,1.1386999999999998,0.2177308499999997
mp-705588,Fe8O9,2,34,Triclinic,5.297060851548167,-1.4993131805882347,1.1978000000000004,0.04855090264705986
mp-705753,Fe38O39,2,77,Triclinic,5.574941207729374,-1.4252696731818189,1.3910999999999998,0.07089724454545454
mp-706252,LiFe5O8,3,112,Triclinic,4.6560373967135105,-1.6761909043452385,1.0631,0.09885627571428834
mp-706875,Fe21O23,2,44,Triclinic,5.389339176224495,-1.480480153068182,1.3487,0.05230559022727199
mp-714904,FeO2,2,12,Tetragonal,3.9627887833781434,-1.1429497000000002,0.0,0.2796264275000002
mp-715262,FeO,2,4,Tetragonal,5.5773756129324115,-1.4722393325,0.0,0.00928005499999962
mp-715275,Fe3O4,2,28,Orthorhombic,5.308684658235349,-1.5312738914285708,0.6085000000000003,0.11136832857142842
mp-715276,Fe2O3,2,20,Orthorhombic,5.190255651373158,-1.5731450780000003,1.4248000000000003,0.13394627499999956
mp-715333,Fe7O8,2,30,Triclinic,5.19210701297782,-1.4938531443333327,1.0723000000000003,0.06285689833333308
mp-715438,Fe3O4,2,14,Orthorhombic,5.356414647421779,-1.5348637935714282,0.5663999999999998,0.10777842642857127
mp-715558,Fe3O4,2,28,Trigonal,4.912612856903342,-1.5666937464285706,0.0019000000000000128,0.07594847357142953
mp-715572,Fe2O3,2,40,Monoclinic,5.186320487293866,-1.6299138022500004,0.9184000000000001,0.07717755074999921
mp-715614,Fe3O4,2,14,Monoclinic,5.065691753123221,-1.1769204092857137,0.0,0.4657218107142862
mp-715811,Fe3O4,2,28,Monoclinic,4.914841252913108,-1.5663915249999991,0.0,0.07625069500000059
mp-716052,Fe3O4,2,28,Orthorhombic,4.919029176156045,-1.5698083578571425,0.0,0.0728338621428577
mp-716814,Fe2O3,2,30,Trigonal,4.273710501424484,-1.2040433576666658,0.0,0.5030479953333336
mp-723285,O2,1,8,Tetragonal,1.4795351001609118,0.0012722937499995979,0.0,0.0012722937499995979
mp-734188,O2,1,12,Tetragonal,1.5809190076430981,0.4347438849999996,1.2707000000000002,0.4347438849999996
mp-752471,Li7FeO6,3,14,Trigonal,2.675156329350401,-1.8757666488095235,0.3176,0.054300379285714406
mp-752476,Li3(FeO2)5,3,18,Triclinic,4.026399744429484,-1.692278066666666,0.4722999999999997,0.08099479419444755
mp-752521,LiFeO3,3,20,Monoclinic,3.599698690179661,-1.4174851056666669,0.3317,0.1473070441000015
mp-752527,Li(FeO2)3,3,20,Orthorhombic,4.128453318197519,-1.5204188198333326,0.0,0.11552293155000282
mp-752654,Li3(FeO3)2,3,11,Monoclinic,3.5760181033019593,-1.6665200063636367,0.0,0.06968949415584191
mp-752680,Li4FeO3,3,32,Monoclinic,2.595602389546304,-1.9070446238541665,2.4966999999999997,0.05234323593750467
mp-752790,LiFeO3,3,10,Monoclinic,3.397188269187219,-1.3924913446666678,0.1658,0.1723008051000008
mp-752883,Li2(FeO2)3,3,22,Orthorhombic,4.1522672410402,-1.7419203337878792,0.0,0.06256414286363743
mp-752897,Li3Fe7O12,3,22,Monoclinic,4.503496846875243,-1.7294864004545454,1.0391000000000004,0.10733880420454778
mp-752935,Li(FeO2)2,3,14,Monoclinic,3.9028856730185355,-1.6144964004761897,0.0,0.10972963557143078
mp-752950,Li4(FeO2)5,3,19,Triclinic,4.114706892788891,-1.810295860701754,0.33729999999999993,0.05332641428947493
mp-753008,Li13(FeO6)2,3,27,Triclinic,2.631704295298521,-1.8265476067901236,0.0,0.06663002722222355
mp-753083,Li3(FeO2)4,3,15,Triclinic,3.2120924589321818,-1.7193695953333323,0.0,0.12256882026666993
mp-753133,Li3(FeO3)2,3,22,Triclinic,3.488668109251662,-1.6580044354545462,0.2351000000000001,0.07820506506493263
mp-753154,Li(FeO2)3,3,20,Monoclinic,3.869561588166195,-1.5078416403333321,0.4218000000000002,0.12810011105000285
mp-753191,Li2(FeO2)3,3,22,Monoclinic,4.550713746930395,-1.5859716551515157,0.0,0.21851282150000095
mp-753255,Li8(FeO2)5,3,23,Triclinic,3.121076391584296,-1.8198378168115945,0.0,0.08274907097826123
mp-753682,FeO,2,8,Tetragonal,4.706689139685705,-1.3944173925000003,0.0,0.08710199499999938
mp-754360,Li3FeO4,3,8,Tetragonal,3.318163120345413,-1.7596842874999998,0.0,0.06132772625000005
mp-754765,FeO,2,8,Hexagonal,4.438798656564169,-1.0186485212499994,0.0,0.4628708662500003
mp-754802,Li5(FeO2)4,3,17,Trigonal,4.277698642469714,-1.8480506745098026,1.1427999999999998,0.07778711676470706
mp-754803,Li(FeO2)2,3,14,Trigonal,4.082623729255023,-1.640890576190476,0.0,0.0833354598571443
mp-754868,Li2FeO2,3,20,Trigonal,3.651644076341123,-1.825340239833333,2.7177,0.054660056000000345
mp-754977,LiFeO2,3,8,Hexagonal,4.072462090238454,-1.9061695495833328,1.7748999999999997,0.03876719812499996
mp-755094,Li2FeO2,3,20,Orthorhombic,3.1497156504431154,-1.8779757583333327,1.7893000000000001,0.002024537500000534
mp-755189,FeO,2,4,Hexagonal,5.536712078512856,-1.3680326549999995,1.048,0.11348673250000019
mp-755232,Li4FeO4,3,36,Triclinic,2.7102393165499765,-1.874669576759259,0.3040999999999999,0.06912784305555775
mp-755242,Li3(FeO3)2,3,22,Orthorhombic,3.694218060895063,-1.640811262272728,0.0,0.09539823824675064
mp-755709,LiFeO2,3,16,Cubic,4.3632447001277095,-1.943657715833333,1.6166999999999998,0.0012790318749997809
mp-755806,Li3Fe5O12,3,20,Triclinic,4.147021504444207,-1.4546424674999998,0.0,0.14572448307500263
mp-755894,Li2O,2,12,Orthorhombic,2.195570922607838,-1.9772382030555544,5.2421999999999995,0.0843597108333336
mp-756155,Li6FeO4,3,44,Tetragonal,2.5665936555802995,-1.9617434840909092,2.2934,0.025519845000000707
mp-756356,Li8FeO6,3,30,Triclinic,2.6784518542302975,-1.9643862257777773,0.3605999999999999,0.029306551666667957
mp-756381,LiFe2O3,3,6,Trigonal,4.681856294139424,-1.6963700880555546,0.0,0.09409420625000031
mp-756436,FeO,2,4,Monoclinic,5.5386282403244405,-1.3658911025,0.0,0.11562828499999966
mp-756480,Li3(FeO2)4,3,15,Trigonal,4.0507382069338895,-1.7817139086666658,0.6909999999999998,0.06022450693333603
mp-756497,LiFeO2,3,20,Triclinic,4.14365514893112,-1.9175608363333325,1.4355000000000002,0.027375911374999617
mp-756527,LiFeO2,3,16,Orthorhombic,4.259454585783686,-1.8673852614583328,0.3056000000000001,0.07755148624999997
mp-756644,Li8Fe7O15,3,30,Monoclinic,4.150654815837075,-1.3143784493888888,0.0,0.617162803333339
mp-756693,Fe13O15,2,28,Triclinic,5.281951346158334,-1.4855365237499984,1.2639,0.07654428000000202
mp-756816,Li3Fe3O8,3,14,Orthorhombic,3.677137038778811,-1.5233306257142851,0.0,0.1500742663214325
mp-756856,Li5Fe7O12,3,24,Monoclinic,4.516351706497027,-1.8427738211111115,1.221,0.02492669989583085
mp-756862,Li7Fe5O12,3,24,Monoclinic,4.205121732849242,-1.8958191193055562,0.018299999999999983,0.01562889093749309
mp-756941,LiFeO3,3,20,Orthorhombic,3.7191246302921996,-1.416347921166667,0.0,0.14844422860000162
mp-756955,Li3Fe3O8,3,28,Hexagonal,3.564523988127281,-1.5643014082142852,0.0,0.10910348382143198
mp-757153,LiFe5O8,3,14,Cubic,4.933619474639545,-1.6282701609523806,1.0312999999999994,0.14677701910714624
mp-757201,Li4Fe3O8,3,15,Trigonal,4.127806761640032,-1.6180226948888883,0.11620000000000008,0.17384740488095396
mp-757565,Fe41O56,2,97,Trigonal,4.882269897149725,-1.5711104228865964,0.01540000000000008,0.08482027814432946
mp-757614,LiFeO2,3,8,Orthorhombic,4.365992914117121,-1.9449367477083328,1.6202000000000005,0.0
mp-758077,Li(Fe2O3)4,3,42,Monoclinic,4.622658711148297,-1.6646843170634922,1.0797000000000003,0.06622787630952409
mp-758099,Li15(FeO6)2,3,29,Triclinic,2.643281858913955,-1.9115229358620691,0.019299999999999984,0.0514539625862076
mp-758105,Li5Fe11O16,3,32,Monoclinic,4.927178669930404,-1.7214579058333337,0.5926,0.04969733179687541
mp-758249,Li(FeO2)3,3,10,Monoclinic,3.8490079977607037,-1.4955311203333324,0.0,0.14041063105000262
mp-758388,Li3Fe3O8,3,14,Trigonal,3.656173944704903,-1.5995402664285703,0.0,0.0738646256071469
mp-758469,Li3(FeO2)4,3,15,Monoclinic,4.29039469278666,-1.7442859899999992,0.2439,0.09765242560000242
mp-758515,Li2(FeO2)3,3,11,Monoclinic,4.395091653084047,-1.6776751278787883,0.0,0.12680934877272865
mp-758559,Li3Fe5O12,3,40,Triclinic,3.710653710118908,-1.4468370227500003,0.0,0.15352992782500152
mp-758794,Li5Fe5O12,3,44,Triclinic,3.8647710476634587,-1.705398682575758,0.0,0.06674506606818209
mp-758888,Li6Fe7O15,3,28,Monoclinic,4.1686582251833055,-1.7026726762499993,0.0,0.11920342962500197
mp-759022,Li5Fe5O12,3,44,Triclinic,3.7865802606724603,-1.7111107737121216,0.10609999999999986,0.061032974931818806
mp-759037,Fe9O10,2,19,Triclinic,5.350642916025339,-1.5020958310526311,1.6011999999999995,0.038784599999999614
mp-759144,Li9(FeO4)2,3,38,Monoclinic,2.4872052749758033,-1.906829442368421,0.0,0.0886670957894733
mp-759241,Li4Fe7O12,3,46,Monoclinic,4.487540561429056,-1.7983046251449273,1.4465999999999997,0.05462944021739258
mp-759319,Li3Fe5O12,3,40,Triclinic,3.8054578286412393,-1.4549057217500008,0.0,0.14546122882500168
mp-759394,Li2FeO3,3,24,Orthorhombic,3.651900683763228,-1.8110941623611112,0.0,0.06686511041666687
mp-759504,Fe10O11,2,21,Triclinic,5.433021814918142,-1.4792695335714283,1.3085999999999998,0.055957464761904774
mp-760142,Li12Fe5O16,3,33,Triclinic,3.459923097083036,-1.8193510454545458,0.0,0.0765640856060612
mp-760335,Li3FeO4,3,8,Orthorhombic,3.3618334047378227,-1.76369332125,0.0,0.05731869249999999
mp-760809,Li3(FeO3)2,3,66,Monoclinic,3.5223350746660844,-1.666502363030303,0.0,0.06970713748917579
mp-760830,Li4Fe2O5,3,44,Monoclinic,3.063795377752164,-1.9406634475757572,2.1431999999999998,0.04840466238636676
mp-760833,LiFeO3,3,60,Monoclinic,3.483427488171731,-1.4335888043333322,0.3214,0.13120334543333634
mp-761189,LiFeO3,3,10,Monoclinic,3.814901015696683,-1.1329338756666671,0.0,0.43185827410000144
mp-762529,Li2(FeO2)5,3,17,Triclinic,4.046393161139368,-1.5376681950980389,0.0,0.1346259087941215
mp-762575,Li2(FeO2)3,3,22,Triclinic,3.975895677892367,-1.728439179242425,0.0,0.0760452974090926
mp-762600,Li6Fe7O15,3,28,Monoclinic,4.191219247899139,-1.2856254291071423,0.0,0.5362506767678594
mp-762692,Li5Fe11O16,3,32,Triclinic,4.807903247916924,-1.7287216761458337,0.36409999999999965,0.04243356148437538
mp-763305,Li8FeO6,3,30,Orthorhombic,2.3345895097031875,-1.968938306111111,0.0,0.02475447133333475
mp-763418,Li2Fe3O10,3,15,Triclinic,3.185983740367433,-0.8265970177777784,0.0,0.5084819339000033
mp-763787,Fe8O9,2,17,Triclinic,5.334808073079199,-1.486613475588236,1.4134000000000002,0.061250607647057365
mp-764163,Li3FeO4,3,8,Orthorhombic,3.334652406128154,-1.7634307837499996,0.0,0.05758123000000026
mp-764326,Fe12O13,2,25,Trigonal,5.447533819026765,-1.4442048121999982,0.0,0.08242896840000213
mp-764417,Fe14O15,2,29,Tetragonal,5.5357631982681905,-1.4621298877586197,1.0187,0.058281217931034135
mp-764889,Li9Fe5O12,3,26,Monoclinic,3.6437874366809937,-1.9127758473076928,0.27900000000000036,0.06950282230768945
mp-764936,Li8(FeO2)5,3,23,Monoclinic,3.1847320294782744,-1.7977850711594212,0.0,0.10480181663043453
mp-766727,Li5Fe11O16,3,64,Monoclinic,4.777174348561909,-1.7485514873958339,1.1468000000000003,0.02260375023437522
mp-766829,Li15(FeO4)4,3,70,Monoclinic,2.4293761805929104,-1.798948996571428,0.0,0.11678318757142936
mp-769519,Li21(FeO4)4,3,41,Monoclinic,2.552990588071448,-1.9987800448780486,1.4195,0.028553344390245705
mp-770655,Li3Fe5O9,3,34,Monoclinic,3.577855155230589,-1.768304815882352,1.6819000000000002,0.10667740397058889
mp-770834,Li5FeO4,3,40,Monoclinic,2.521236702175351,-1.996121979666666,2.7818,0.04590376500000204
mp-770885,Li3FeO3,3,28,Monoclinic,2.7792020417963563,-1.945558769642857,2.2955,0.06872726160714482
mp-770886,Li3FeO3,3,28,Orthorhombic,2.8264002246567497,-1.968577607142857,1.9602,0.045708424107144374
mp-770893,Li4Fe2O5,3,44,Monoclinic,3.0656285552814713,-1.91489074030303,1.5990999999999997,0.07417736965909416
mp-770923,Li5FeO4,3,40,Monoclinic,2.4804799785383165,-1.9706470331666666,2.9148,0.0713787115000013
mp-771057,Li(FeO2)2,3,28,Hexagonal,4.533795151486332,-1.5849059829761905,0.0,0.13932005307142958
mp-771124,Li7Fe3O8,3,36,Triclinic,2.8855044592769095,-1.9106682860185187,1.8594,0.08820679333333814
mp-771135,Li(FeO2)2,3,28,Tetragonal,4.077701250345931,-1.6646676226190473,0.0,0.059558413428573154
mp-771396,Li4(FeO2)9,3,62,Monoclinic,4.011561822330112,-1.5722452917204304,0.0,0.12350194282258187
mp-771571,Li(FeO2)2,3,28,Orthorhombic,4.289968364392686,-1.6480453929761896,0.0,0.07618064307143069
mp-771687,Li5Fe5O12,3,22,Monoclinic,3.547553615946496,-1.6740761753030298,0.0,0.09806757334091021
mp-771894,Li3FeO3,3,28,Tetragonal,2.8788193013013696,-1.9407406635714284,1.9077000000000002,0.07354536767857311
mp-771897,Li6FeO6,3,13,Trigonal,2.5699288974157337,-1.778746956153847,0.0,0.07470363807691971
mp-771986,Li4Fe3O8,3,15,Trigonal,3.751341199899832,-1.7000590722222217,0.1331,0.09181102754762005
mp-772508,LiFe3O4,3,8,Orthorhombic,5.058356678656271,-1.6268654879166666,0.0,0.08636257968750005
mp-772983,Li8Fe2O9,3,76,Triclinic,3.0307869337236166,-1.8438580644298248,0.5312000000000001,0.017332112500000108
mp-772996,Li9Fe23O32,3,64,Monoclinic,4.885425588112171,-1.7033639593750003,1.0953000000000004,0.03882769324218671
mp-773010,LiFe23O32,3,56,Trigonal,4.754642404395326,-1.6186948348809531,0.49629999999999974,0.05704862513392861
mp-773043,Li(FeO2)2,3,56,Triclinic,4.217493644850108,-1.6211754245833327,0.0,0.10305061146428773
mp-773525,LiFe3O4,3,8,Monoclinic,5.018470876028103,-1.6720515504166666,0.7842000000000002,0.04117651718750004
mp-774155,Li2FeO3,3,24,Monoclinic,3.6288091382154466,-1.8779592727777779,0.0965999999999998,0.0
mp-774295,Fe23O32,2,55,Trigonal,5.173468315041151,-1.4794740807272733,0.009599999999999831,0.18660418763636333
mp-774501,Li9(FeO4)2,3,19,Monoclinic,2.546949117573173,-1.910536287368421,0.046499999999999986,0.08496025078947333
mp-775127,Li4Fe3O8,3,15,Trigonal,3.551388475057465,-1.724968086222222,0.0,0.06690201354761971
mp-776135,Fe23O32,2,55,Triclinic,4.955894139185385,-1.5590120105454555,0.6341000000000006,0.10706625781818069
mp-776606,Fe2O3,2,40,Triclinic,5.142396896483901,-1.5840697992499997,0.0,0.12302155375000012
mp-779333,Li5FeO4,3,40,Orthorhombic,2.580157806219436,-1.9726813569166666,2.764,0.06934438775000107
mp-779474,Li8Fe2O7,3,68,Monoclinic,2.66015612646982,-1.9603860175980383,2.5120000000000005,0.0702174921323575
mp-779889,Li5FeO4,3,80,Orthorhombic,2.497500167835516,-1.9539344276666668,3.0738999999999996,0.08809131700000083
mp-780188,Li6Fe5O12,3,23,Monoclinic,3.9200935763572673,-1.8099457421739127,0.0,0.035164930791925286
mp-780192,Li5FeO4,3,40,Triclinic,2.505205946053054,-1.9949778201666668,2.5873,0.04704792450000106
mp-780203,Li9(FeO4)2,3,38,Triclinic,2.5112203188489928,-1.9223527289473683,0.041999999999999996,0.0731438092105261
mp-780207,Li5FeO4,3,40,Triclinic,2.483619977611781,-1.9847467809166666,2.3853,0.057278963750000855
mp-780216,Li5Fe3O8,3,32,Triclinic,3.757134501530932,-1.8442670435416666,0.0,0.05043659796874955
mp-780305,Li6Fe5O12,3,46,Triclinic,3.8556917312098937,-1.78551403673913,0.0,0.059596636226707744
mp-780312,Li5(FeO2)4,3,34,Monoclinic,4.122382600565615,-1.848594704215686,1.0707,0.07724308705882343
mp-781016,Li14Fe4O13,3,62,Monoclinic,2.53544173517084,-1.9238497861827948,2.3295,0.09938453971774397
mp-796259,FeO2,2,12,Orthorhombic,4.358225870585834,-1.2181207625,0.0,0.20445536500000028
mp-796324,FeO2,2,12,Tetragonal,3.789209384847087,-1.242750721666667,1.1543,0.17982540583333328
mp-799417,Fe10O11,2,21,Triclinic,5.433022292441989,-0.8233716192857136,0.0,0.7118553790476199
mp-806082,Li7Fe3O8,3,36,Triclinic,2.885504452818364,0.3838445000925922,0.0,2.382719579444449
mp-821313,FeO2,2,3,Trigonal,3.8986214189660835,-1.1480066466666667,0.0,0.27456948083333366
mp-849463,Li11(FeO3)4,3,27,Monoclinic,2.8633211080543433,-1.868822404691358,0.0,0.11516879134259295
mp-849528,Li3FeO4,3,32,Cubic,3.6199736362198465,-1.8045167099999997,0.3288,0.01649530375000019
mp-849689,FeO,2,24,Hexagonal,5.533046977636848,-1.3777199291666673,1.1609999999999996,0.1037994583333326
mp-849695,Li2FeO3,3,12,Monoclinic,3.817017269612856,-1.820166784444444,0.0,0.057792488333333836
mp-850218,Li35(FeO4)8,3,75,Triclinic,2.483034704509108,-1.9352236890222214,0.06539999999999999,0.04786506073333818
mp-850222,FeO2,2,6,Tetragonal,4.6121600939753025,-1.277397556666667,0.0,0.14517857083333308
mp-850511,LiFeO2,3,64,Orthorhombic,3.293027435055553,-1.8646108306770834,1.8933,0.08032591703124936
mp-863316,FeO3,2,8,Monoclinic,2.805231526461336,-0.526560505,0.3050999999999999,0.5403715906249991
mp-863766,Fe32O35,2,67,Triclinic,5.32206714331942,-1.4752070547014917,0.5078999999999998,0.056813519104478516
mp-887724,Li2FeO3,3,24,Monoclinic,3.8565100725253623,-1.8744459473611108,0.0,0.0035133254166668237
mp-976411,Li,1,4,Hexagonal,0.5659385329022951,0.0058890908333335545,0.0,0.0058890908333335545
mp-997515,Li(Fe2O3)4,3,42,Triclinic,4.700107459073699,-1.6601096094444445,0.8753999999999995,0.07080258392857264
mp-1001790,LiO3,2,4,Orthorhombic,2.1301362175281673,-0.6248585295833333,0.17820000000000003,0.23903239732142811
mp-1009490,O2,1,2,Monoclinic,1.4352516829252138,0.0017175900000001576,1.6095000000000002,0.0017175900000001576
mp-1018134,Li,1,3,Trigonal,0.5649380298643795,0.0,0.0,0.0
mp-1018789,LiO2,2,6,Orthorhombic,2.238045791580559,-1.042903046111111,0.0,0.08308098404761921
mp-1023923,O2,1,6,Trigonal,1.4970214783147298,0.9644220599999999,2.3448,0.96442206
mp-1047285,FeO2,2,24,Orthorhombic,4.181421065339904,-1.0318821595833338,0.0,0.39069396791666655
mp-1056059,O2,1,1,Tetragonal,2.760150614726444,1.5575547749999998,0.0,1.5575547749999998
mp-1056831,O2,1,1,Monoclinic,1.2271037619310026,1.3110982349999998,0.0,1.3110982349999998
mp-1057818,O2,1,2,Cubic,2.5969254446261805,1.8808411749999996,0.0,1.8808411749999996
mp-1058623,O2,1,2,Orthorhombic,2.635648920136587,1.5706568449999998,0.0,1.5706568449999998
mp-1062652,FeO2,2,3,Monoclinic,4.096892543833311,-1.165954956666667,0.0,0.25662117083333325
mp-1063005,Li,1,3,Hexagonal,0.5643236953606915,0.015670883333333368,0.0,0.015670883333333663
mp-1065697,O2,1,1,Tetragonal,3.1084112088063462,1.5793310049999998,0.0,1.5793310049999998
mp-1066100,O2,1,4,Hexagonal,2.601040354295142,0.12571025749999976,0.0,0.12571025749999976
mp-1068212,Fe2O3,2,5,Cubic,4.876586387429596,-0.847481741,0.0,0.8596096119999999
mp-1078361,Fe2O3,2,10,Orthorhombic,5.300911620008917,-1.4706406040000004,0.0,0.2364507489999994
mp-1087546,O2,1,8,Monoclinic,1.5032489357054872,0.017992666249999623,0.0,0.017992666249999623
mp-1094129,LiO2,2,3,Trigonal,2.2378047365027456,-0.5344960611111116,0.07400000000000001,0.5914879690476189
mp-1094135,LiO2,2,6,Monoclinic,2.351848255855821,-0.8091172677777786,0.0,0.31686676238095224
mp-1095382,Fe5O7,2,12,Monoclinic,5.336882346809207,-1.49997127625,0.0,0.1695247491666665
mp-1096950,Fe,1,1,Hexagonal,7.230888772981806,0.4766994200000001,0.0,0.4766994200000001
mp-1097003,FeO2,2,6,Orthorhombic,4.4182123384523875,-1.147006668333334,0.0,0.2755694591666664
mp-1097030,Li2O2,2,2,Tetragonal,2.5034683269547546,-1.381966649166666,0.0,0.2682035875000004
mp-1097725,LiO2,2,3,Cubic,2.600109349430031,-0.4399769977777783,0.0,0.6860070323809522
mp-1101736,LiFe3O4,3,8,Triclinic,5.018470127427123,-1.673855534166666,1.0169000000000001,0.03937253343750058
mp-1102442,O2,1,12,Tetragonal,2.885545388562123,0.7395696983333332,0.7723,0.7395696983333329
mp-1103107,Li,1,12,Orthorhombic,0.5701923818353541,0.055379472500000006,0.0,0.055379472500000304
mp-1104628,Fe3O4,2,14,Orthorhombic,3.2443540384322107,-0.5768742178571428,0.0,1.0657680021428568
mp-1120820,Li2Fe4O7,3,13,Trigonal,3.6923051434141034,-1.633704040897435,1.4685,0.21975370884615675
mp-1147691,Fe2O5,2,28,Triclinic,4.431867710073485,-0.8447807164285714,0.0,0.37457024999999966
mp-1176726,LiFe3O4,3,16,Monoclinic,4.993785041607602,-1.6739037654166662,0.010499999999999954,0.03932430218750049
mp-1176882,Li7Fe5O12,3,24,Monoclinic,3.8833431115446264,-1.8806905422222229,0.0,0.030757468020826906
mp-1176883,Li7Fe5O16,3,28,Triclinic,3.440985019173348,-1.496823509761905,0.0,0.14881791019132695
mp-1176887,Li7Fe3O10,3,20,Triclinic,3.405113526825361,-1.7718214546666673,0.0,0.08335891449999977
mp-1176945,Li8Fe7O15,3,30,Monoclinic,4.204956525932577,-1.8604493423888888,0.0,0.0710919103333385
mp-1177119,Li6Fe3O8,3,34,Triclinic,3.642710387381161,-1.8383411017647062,0.0,0.1115121244852979
mp-1177185,Li5Fe3O8,3,32,Monoclinic,3.752110956726308,-1.844619246041666,0.0,0.05008439546875021
mp-1177704,Li3Fe3O8,3,28,Monoclinic,3.588445976300811,-1.5664375353571418,0.049000000000000155,0.1069673566785756
mp-1177753,Li3(FeO3)2,3,22,Monoclinic,3.596988536360247,-1.6669742899999989,0.2812000000000001,0.06923521051948
mp-1177943,Li2FeO2,3,20,Monoclinic,3.6301312867640707,-1.8362572503333332,3.1331,0.0437430455000003
mp-1178060,Li2(FeO2)3,3,22,Orthorhombic,3.854431213133807,-1.710918977878788,0.0,0.0935654987727288
mp-1178103,Li(FeO2)2,3,7,Triclinic,4.000334399617782,-1.6407698533333328,0.3103,0.08345618271428723
mp-1178106,Li(FeO2)2,3,28,Monoclinic,4.334681730326192,-1.6510959911904755,0.0,0.07313004485714458
mp-1178108,Li(FeO2)2,3,14,Triclinic,4.113029292582432,-1.5828573783333328,0.0,0.14136865771428742
mp-1178121,Li(Fe2O3)4,3,42,Triclinic,4.601826084436264,-1.662776829444444,0.9143999999999997,0.06813536392857245
mp-1178122,Li(FeO2)2,3,56,Trigonal,4.058398994334685,-1.6232413883333325,0.0,0.10098464771428706
mp-1178232,FeO,2,8,Monoclinic,5.602115237077022,-1.4694833324999985,0.0,0.012036055000001156
mp-1178239,FeO,2,8,Monoclinic,4.474909423380499,-1.1814521512499994,0.0,0.3000672362500003
mp-1178247,FeO,2,24,Trigonal,5.563370818476846,-1.3702516412500003,2.0878,0.11126774625000024
mp-1178392,Fe2O3,2,40,Orthorhombic,5.046847814021094,-1.5942362397500005,1.5655999999999999,0.1128551132499993
mp-1180008,O2,1,12,Triclinic,1.5984529808851904,0.4198537808333332,1.2773010892239671,0.4198537808333329
mp-1180036,O2,1,4,Monoclinic,2.2022202612215103,0.029974092499999827,0.46429999999999993,0.029974092499999827
mp-1180050,O2,1,8,Monoclinic,2.5424379755030078,0.7690244549999994,0.0,0.7690244549999994
mp-1180064,O2,1,10,Triclinic,1.6680921409489535,0.38701357200000003,0.042300000000000004,0.38701357199999986
mp-1180619,Li2O2,2,2,Cubic,2.3297703671133894,-1.3611383641666666,0.0,0.28903187249999984
mp-1181334,Fe4O13,2,17,Orthorhombic,3.6724414891669843,-0.3103702120588239,0.0,0.6938011720588229
mp-1181340,Fe3O4,2,7,Monoclinic,4.844984148270428,-1.5210500314285704,1.0689000000000002,0.12159218857142928
mp-1181411,Fe4O13,2,17,Orthorhombic,3.6717085714579145,-0.3296018732352939,0.0,0.6745695108823524
mp-1181437,FeO,2,2,Tetragonal,1.2144196928943665,-0.42865644749999987,1.8860999999999999,1.0528629399999998
mp-1181546,Fe3O4,2,28,Monoclinic,4.845771453715081,-1.5692549735714283,0.0,0.07338724642857208
mp-1181570,Fe3O4,2,28,Monoclinic,5.316617125364607,-1.5126567192857132,0.32509999999999994,0.1299855007142865
mp-1181657,Fe3O4,2,28,Monoclinic,4.814382790948738,-1.6048517339285706,1.0663,0.03779048607142954
mp-1181766,FeO2,2,24,Monoclinic,3.768486345520447,-1.2423727408333332,0.0,0.18020338666666724
mp-1181813,Fe3O4,2,56,Orthorhombic,4.797830132085761,-1.5967490999999998,0.9080648020977731,0.045893120000000565
mp-1181824,Fe2O3,2,10,Monoclinic,3.583671259481781,-1.538964844,1.6876999999999998,0.16812650899999948
mp-1182229,Fe3O4,2,56,Monoclinic,4.8815235014601415,-1.5205054574999994,0.8246000000000002,0.12213676250000027
mp-1182249,Fe3O4,2,56,Triclinic,4.828675642484001,-1.5928055798214282,0.7398999999999996,0.04983664017857059
mp-1182503,Fe8O17,2,50,Triclinic,3.8354945674922423,-1.1151560439999992,0.0,0.25051703839999906
mp-1184320,Fe3O,2,8,Hexagonal,5.881062534569037,0.7701936050000011,0.0,1.5109532987500005
mp-1185215,Li3Fe,2,8,Hexagonal,2.0749843951093077,0.4056625075000002,0.0,0.4056625075000002
mp-1185276,Fe3O4,2,56,Triclinic,4.835404002652148,-1.586393616071428,0.637,0.05624860392857123
mp-1185320,LiFeO3,3,5,Cubic,3.414350067980132,-1.2499791736666666,0.0,0.3148129761000025
mp-1188678,Fe4O5,2,18,Orthorhombic,5.323365855816135,-1.5192371644444447,0.0,0.08759998166666527
mp-1192788,Fe3O4,2,28,Orthorhombic,5.302270116511378,-1.5364137264285713,0.7769999999999997,0.10622849357142794
mp-1194030,Fe,1,28,Tetragonal,7.6427112112919735,0.17528872000000056,0.0,0.17528872000000106
mp-1194978,Fe25O32,2,57,Orthorhombic,5.47585762951727,-1.4369584343859647,0.0,0.18307005473684246
mp-1195927,Fe13O19,2,32,Monoclinic,5.466172184446745,-1.3910268220312494,0.0,0.30196628312500007
mp-1205415,Fe2O3,2,20,Orthorhombic,5.144778528635994,-1.5297477865000004,1.0606,0.17734356649999938
mp-1205429,FeO2,2,24,Monoclinic,3.819001625925648,-1.236392729166667,0.0,0.1861833983333332
mp-1211097,LiFe,2,4,Orthorhombic,4.250456761791715,0.27958471333333357,0.0,0.27958471333333357
mp-1211341,Li3FeO6,3,10,Orthorhombic,0.18116760665425585,-0.146006534,0.0,1.3263254004285718
mp-1222302,LiFeO2,3,4,Tetragonal,4.358311324139535,-1.8252071458333337,0.10329999999999995,0.11972960187499915
mp-1222957,Li2Fe3O4,3,18,Orthorhombic,4.6118586861663236,-1.4483158385185178,1.9364999999999997,0.2805168261111133
mp-1224936,Fe15O16,2,31,Trigonal,5.279270058523795,-1.4344631906451606,1.4826000000000001,0.08343877193548366
mp-1225001,Fe5O8,2,13,Trigonal,5.164421894257893,-1.456270852307692,0.0,0.18516314096153863
mp-1225007,Fe5O8,2,13,Cubic,4.398952148613642,-1.459665542307693,0.0,0.18176845096153738
mp-1232999,LiO8,2,9,Triclinic,1.9858474974980342,-0.41025122481481524,0.15209999999999996,0.01681786333333335
mp-1233014,Li(Fe2O3)4,3,21,Triclinic,4.9634119027363734,-1.5099006753968245,1.1315,0.22101151797619245
mp-1235059,LiO8,2,9,Monoclinic,2.203898383387987,-0.4270690881481482,0.0,0.0
mp-1235185,LiO8,2,9,Monoclinic,2.2314299856952626,-0.4217075570370368,0.0,0.00536153111111215
mp-1235252,LiO8,2,9,Monoclinic,1.9977602770462106,-0.41782946370370333,0.48340000000000005,0.009239624444445482
mp-1235270,Li(FeO2)8,3,25,Monoclinic,3.6804508004534098,-1.3112601873333336,0.0,0.2010835655199994
mp-1235675,Li(Fe2O3)4,3,21,Monoclinic,4.3316838391771935,-1.55644245968254,0.7477999999999998,0.17446973369047658
mp-1235693,Li(Fe2O3)4,3,21,Monoclinic,4.674242591445301,-1.5877560573015872,0.48750000000000027,0.14315613607142996
mp-1235698,LiO8,2,9,Monoclinic,1.8165586662235602,-0.35934491370370364,0.0,0.06772417444444478
mp-1236025,Li(FeO2)8,3,25,Monoclinic,3.8258588157715328,-1.3457119897333336,0.0,0.16663176311999983
mp-1236127,LiO8,2,9,Triclinic,1.9025598178928151,-0.4113611992592594,0.08889999999999999,0.01570788888888952
mp-1236363,Li(Fe2O3)4,3,21,Triclinic,4.970072811506539,-1.5270467596825388,1.3041,0.20386543369047772
mp-1236522,LiO8,2,9,Monoclinic,1.777777674236536,-0.35700641370370395,0.27270000000000005,0.07006267444444436
mp-1244869,Fe2O3,2,80,Triclinic,4.319354369420118,-1.4175817339999994,0.22019999999999995,0.2895096190000004
mp-1244911,Fe2O3,2,80,Triclinic,4.336495600185634,-1.4331964888749993,0.2831999999999999,0.2738948641250003
mp-1244983,FeO,2,80,Triclinic,4.367429090053127,-1.2036987710000004,0.2905000000000002,0.2778206164999988
mp-1245001,FeO,2,80,Triclinic,4.362710195071727,-1.1611811947500001,0.04590000000000005,0.32033819274999953
mp-1245009,Li2O,2,102,Triclinic,1.6835606598520736,-1.8997470075163398,2.723,0.16185090637254884
mp-1245019,Fe2O3,2,80,Triclinic,4.150213125172014,-1.4184391396250007,1.1378,0.28865221337499847
mp-1245078,Fe2O3,2,80,Triclinic,4.009734420550081,-1.4012702128749992,1.1123,0.3058211401250004
mp-1245084,Fe2O3,2,80,Triclinic,3.8985816646922062,-1.1549741216249998,0.12109999999999999,0.552117231375
mp-1245092,Li2O,2,102,Triclinic,1.6171570386254213,-1.888375888202614,2.461,0.17322202568627443
mp-1245108,Fe,1,100,Triclinic,7.965581258140822,0.2794554973000015,0.0,0.27945549730000074
mp-1245154,Fe2O3,2,80,Triclinic,4.012889202006454,-1.3862150799999995,0.37980000000000014,0.32087627299999966
mp-1245168,FeO,2,80,Triclinic,4.149972368872794,-1.1758246667500003,0.05410000000000004,0.30569472074999915
mp-1245224,Li2O,2,102,Triclinic,1.7178391186021913,-1.9119120910457517,2.736,0.14968582284313658
mp-1245277,Fe2O3,2,80,Triclinic,3.897868360933805,-1.3627964538750006,0.30180000000000007,0.344294899124999
mp-1245303,Li2O,2,102,Triclinic,1.7230421724991842,-1.903023776143791,2.7845,0.15857413774509688
mp-1271068,Fe,1,4,Tetragonal,8.109373830977775,0.0170698550000008,0.0,0.0170698550000008
mp-1271128,Fe,1,2,Tetragonal,8.517772787608948,0.09913460000000107,0.0,0.09913460000000107
mp-1271198,Fe,1,4,Orthorhombic,7.618499799098144,0.05499203499999972,0.0,0.05499203499999972
mp-1271729,Fe3O4,2,28,Monoclinic,4.873158966875556,-1.5834274967857138,0.8732999999999995,0.05921472321428567
mp-1271821,Fe3O4,2,28,Monoclinic,4.8955098363325495,-1.6209459767857137,1.4124000000000003,0.021696243214286426
mp-1271978,Fe3O4,2,28,Triclinic,4.883382408424965,-1.6161168642857138,1.2089999999999996,0.026525355714285936
mp-1272244,Li3(FeO3)2,3,11,Triclinic,3.5791947212467528,-1.6647660845454546,0.1634,0.07144341597402448
mp-1272755,Li2FeO2,3,20,Monoclinic,3.6609738999602803,-1.835668415833333,3.0405999999999995,0.044331880000000545
mp-1273581,Li3Fe3O8,3,14,Monoclinic,3.6552300451014736,-1.6044229164285702,0.0,0.06898197560714703
mp-1274279,FeO,2,8,Monoclinic,5.614899220280718,-1.4815193874999997,2.3029,0.0
mp-1276702,Li3FeO4,3,32,Orthorhombic,3.34835162011228,-1.7597250031250002,0.0,0.06128701062499964
mp-1276910,Li3(FeO3)2,3,22,Monoclinic,3.5881374407188296,-1.6633793109090904,0.14079999999999981,0.07283018961038845
mp-1279318,Li3FeO4,3,16,Orthorhombic,3.233876758102363,-1.752630703125,0.007500000000000062,0.06838131062499997
mp-1282759,LiFe2O3,3,12,Triclinic,4.58218953106497,-1.7237957830555548,0.5995000000000004,0.06666851124999962
mp-1282942,Li3FeO4,3,32,Monoclinic,3.3533656622066084,-1.7619877218750002,0.0,0.05902429187499969
mp-1283030,FeO,2,8,Monoclinic,5.559935905830431,-1.4674575262499987,1.7989000000000002,0.014061861250000973
mp-1286090,Li3(FeO3)2,3,22,Monoclinic,3.6018161596130454,-1.6617840481818176,0.22950000000000004,0.07442545233766129
mp-1298536,LiFe2O3,3,12,Monoclinic,4.630080924585433,-1.7631188913888884,1.6018,0.02734540291666665
mp-1299455,Li3Fe3O8,3,28,Monoclinic,3.6486286997388464,-1.6046418782142848,0.2197,0.06876301382143257
mp-1303136,Li2FeO3,3,24,Triclinic,3.8642787515283046,-1.8771673602777792,0.5790999999999995,0.0007919124999986593
mp-1305099,Li3(FeO3)2,3,22,Triclinic,3.58539982150468,-1.6661737681818183,0.36229999999999984,0.07003573233766058
mp-1308681,Li3Fe3O8,3,28,Monoclinic,3.650038295764428,-1.6033467296428563,0.2492000000000001,0.07005816239286133
mp-1309364,LiFe2O3,3,12,Monoclinic,4.625861500368351,-1.7475255963888887,1.63,0.04293869791666616
mp-1326275,Fe5O7,2,24,Orthorhombic,4.491966056684569,-1.457569480416667,1.0355893879185967,0.21192654499999897
mp-1342828,Fe9O13,2,22,Monoclinic,4.53625578766705,-1.4233963915909091,0.0,0.26318841909090906
mp-1350825,FeO2,2,48,Monoclinic,4.047347740777498,-1.0886633070833334,0.0,0.3339128204166668
mp-1354450,FeO2,2,36,Triclinic,3.9146160697215375,-1.1512383727777769,0.0,0.2713377547222233
mp-1355192,FeO2,2,36,Monoclinic,4.017920342686023,-1.0820667413888887,0.0,0.34050938611111103
mp-1355579,FeO2,2,36,Trigonal,3.9617154793493294,-1.1426290183333332,0.0,0.27994710916666676
mp-1356129,Fe2O3,2,40,Orthorhombic,4.936930561558747,-1.6224323435000003,1.3134000000000001,0.08465900949999927
mp-1359196,FeO2,2,36,Monoclinic,3.9042824913224594,-1.1516452133333326,0.0,0.2709309141666676
mp-1378486,Fe2O3,2,20,Orthorhombic,4.454350687565508,-1.4319179335,0.5554000000000001,0.27517341949999974
mp-1379262,Fe3O4,2,56,Monoclinic,4.881486580621301,-0.6687719151785713,0.0,0.9738703048214283
mp-1384466,FeO2,2,6,Hexagonal,3.937112886725161,-1.102618358333333,0.0,0.31995776916666774
mp-1387762,FeO2,2,12,Orthorhombic,4.12902188348883,-1.0483654724999998,0.0,0.3742106550000006
mp-1395285,FeO2,2,12,Orthorhombic,3.9546579699967723,-1.1643962716666667,0.0,0.25817985583333414
mp-1412685,FeO2,2,6,Hexagonal,3.541517935238992,0.55987893,0.0,1.9824550575000002
mp-1431292,FeO2,2,3,Trigonal,2.859740916491931,-1.1133418833333337,0.0,0.30923424416666645
mp-1443203,FeO2,2,12,Trigonal,4.052440550955174,-1.1134444166666668,0.0,0.30913171083333335
mp-1524452,O2,1,4,Orthorhombic,2.226573108457409,0.16492055875000045,1.2636,0.16492055875000045
mp-1524462,O2,1,8,Monoclinic,1.8041340087413777,0.0,2.7061,0.0
mp-1525745,O2,1,2,Tetragonal,2.516630238202509,0.2800616062500003,0.0,0.2800616062500003
mp-1544600,LiO8,2,9,Monoclinic,2.1197654301775857,-0.27516586074074056,0.10920000000000002,0.07630395847222271
mp-1638858,Li8(FeO2)5,3,46,Triclinic,3.130773186409899,-1.8029077224637693,0.4254,0.09967916532608623
mp-1643420,Li8(FeO2)5,3,46,Triclinic,3.136557545612213,-1.8057282155072474,0.5614999999999999,0.09685867228260836
mp-1643829,Li8(FeO2)5,3,46,Triclinic,3.1457635016422714,-1.803781708985508,0.45609999999999995,0.0988051788043478
mp-1663732,Li3FeO3,3,28,Orthorhombic,2.8524439747713113,-1.9362574867857145,1.5152,0.07802854446428764
mp-1665973,Li3FeO3,3,28,Orthorhombic,2.8076367728697074,-1.8941743685714283,0.0,0.12011166267857387
mp-1974703,FeO,2,8,Triclinic,5.867315203727379,-1.1925727681250002,0.5488999999999997,0.1682073175000003
mp-2204849,O2,1,8,Monoclinic,1.807021789311107,0.0035132812500000554,2.7203999999999997,0.0035132812500000554
mp-2206907,O2,1,8,Monoclinic,1.4519990146879609,0.027979431250000353,2.3065999999999995,0.027979431250000353
mp-2411688,LiFe2O3,3,6,Monoclinic,4.55568888377022,-1.7304087630555547,0.7528999999999999,0.06005553124999974
mp-2421172,O2,1,6,Trigonal,1.2597929285455134,0.9162664466666666,2.7641999999999998,0.9162664466666666
mp-2739215,O2,1,8,Monoclinic,1.484854151939616,0.012019398749999688,2.6679999999999997,0.012019398749999688
mp-2767639,FeO,2,8,Monoclinic,6.0946286956824505,-1.2514599243750002,0.0,0.10932016125000033
mp-2903347,Fe3O4,2,7,Orthorhombic,5.24554526075053,-1.4517087264285717,0.0,0.10346851428571391
