ID,Composition,Space group number,a,b,c,alpha,beta,gamma,Ionic conductivity (S cm-1),DOI,CIF
jqc,Li7.0Bi1.0O6.0,2,5.5071,6.0425,5.5231,116.912,120.867,62.234,1.58489e-06,10.1002/zaac.200500231,Match
oi6,Li7.0Sb1.0O6.0,2,5.4307,5.8916,5.385,116.748,119.63,62.779,6.7e-08,10.1021/ic030208w,Match
2t8,Li2.0V2.0P2.0O8.0F2.0,2,5.3115,7.2617,5.1744,107.934,98.444,107.547,8.1e-07,10.1016/j.ssi.2013.04.002,Match
ro9,Li6.0B2.0P4.0O16.0,2,5.1888,7.4118,7.6735,101.179,105.067,90.335,9.6e-12,10.1039/C3DT52917G,Match
7cr,Li4.0Na2.0B2.0P4.0O16.0,2,5.4344,7.3793,7.984,103.243,109.27,87.391,4.4e-18,10.1016/j.jssc.2014.11.024,Match
47i,Li8.0P4.0O14.0,2,8.5632,7.1099,5.1858,111.426,89.991,103.055,1e-15,10.1016/j.jssc.2013.12.015,Match
clt,Li6.0Cu1.0B4.0O10.0,2,3.31218,6.68272,9.27858,78.8443,89.7596,86.6143,1e-13,10.1021/acs.inorgchem.8b01785,Match
mdp,Li14.0P6.0S22.0,2,12.5009,6.0316,12.5303,102.845,113.202,74.467,0.0032,10.1039/c3ee41655k|10.1016/j.ssi.2007.05.020|10.1016/j.ssi.2006.04.017,Match
ix1,Li5.46Hf12.13P18.0O72.0,167,8.8306,8.8306,22.027,90.0,90.0,120.0,3.2e-07,10.1021/cm970078n,Match
ptg,Li14.0P6.0S22.0,2,12.4258,6.0401,12.515,103.076,113.342,74.883,0.0086,10.1021/acs.chemmater.6b02163,No Match
bq9,Li24.0Bi8.0O24.0,2,9.02743,9.7388,9.23917,114.046,89.295,107.538,2.4e-10,10.1016/j.ssi.2015.10.016,Close Match
skm,Li10.0Bi2.0O10.0,8,9.97608,4.15207,5.94635,90.0,109.486,90.0,3.9e-09,10.1016/j.ssi.2015.10.016,Match
pwr,Li7.22Si1.5P0.5O8.0,11,5.10536,6.11225,5.29671,90.0,90.3692,90.0,1.64e-07,10.1021/jacs.5b04444,Match
o4u,Li91.2Ge19.2P4.8S96.0,11,13.9668,23.3842,12.3196,90.0,89.967,90.0,1.78e-06,10.1149/1.1379028,No Match
yy9,Li86.4Ge14.4P9.6S96.0,11,13.9016,23.454,12.3367,90.0,90.043,90.0,0.000175,10.1149/1.1379028,No Match
mvq,Li81.6Ge9.6P14.4S96.0,11,13.769,23.614,12.359,90.0,90.66,90.0,0.000654,10.1149/1.1379028,No Match
2yl,Li80.4Ge8.4P15.6S96.0,11,13.393,22.947,18.2009,90.0,92.562,90.0,0.00154,10.1149/1.1379028,No Match
5qm,Li79.2Ge7.2P16.8S96.0,11,13.387,22.968,18.2015,90.0,92.594,90.0,0.00174,10.1149/1.1379028,No Match
3jh,Li78.0Ge6.0P18.0S96.0,11,13.395,22.979,18.1981,90.0,92.591,90.0,0.0022,10.1149/1.1379028,No Match
j3x,Li76.8Ge4.8P19.2S96.0,11,13.0981,24.201,12.2793,90.0,89.887,90.0,0.000555,10.1149/1.1379028,No Match
b4c,Li8.0Si2.0S8.0,11,6.8934,7.7675,6.1241,90.0,91.225,90.0,1.59e-08,10.1006/jssc.2002.9701,Match
7se,Li91.2Si19.2P4.8S96.0,11,13.7707,23.304,12.1962,90.0,91.168,90.0,8.11e-07,10.1006/jssc.2002.9701,No Match
5e2,Li86.4Si14.4P9.6S96.0,11,13.6233,23.4044,12.2258,90.0,90.133,90.0,7.19e-05,10.1006/jssc.2002.9701,No Match
dj2,Li81.6Si9.6P14.4S96.0,11,13.3678,23.6448,12.2154,90.0,90.134,90.0,0.000662,10.1006/jssc.2002.9701,No Match
10u,Li76.8Si4.8P19.2S96.0,11,13.0804,24.1028,12.2338,90.0,90.03,90.0,3.2e-06,10.1006/jssc.2002.9701,No Match
s3r,Li8.0Al0.66Si0.66P0.66O8.0,11,5.1475,6.1779,5.3497,90.0,90.34,90.0,3.25e-06,10.1021/acsami.6b14402,No Match
max,Li8.5Si1.5Al0.5O8.0,11,5.1496,6.1771,5.3424,90.0,90.3,90.0,2.02e-08,10.1021/acsami.6b14402,No Match
k5y,Li7.5Si1.5P0.5O8.0,11,5.1084,6.1126,5.302,90.0,90.34,90.0,5.54e-07,10.1021/acsami.6b14402,No Match
y2l,Li10.0Al2.0S8.0,11,6.8583,7.8369,6.2488,90.0,90.333,90.0,1.4e-09,10.1016/j.jssc.2017.09.018,Match
gl0,Li8.4Si1.6Al0.4S8.0,11,6.903,7.787,6.125,90.0,90.877,90.0,2.4e-08,10.1006/jssc.2002.9701,No Match
wmr,Li8.8Si1.2Al0.8S8.0,11,6.862,7.81,6.113,90.0,90.23,90.0,3.05e-08,10.1006/jssc.2002.9701,No Match
xxq,Li9.2Si0.8Al1.2S8.0,11,6.858,7.82,6.217,90.0,89.947,90.0,1.46e-08,10.1006/jssc.2002.9701,No Match
h8o,Li9.6Si0.4Al1.6S8.0,11,6.843,7.833,6.235,90.0,89.846,90.0,2.29e-07,10.1006/jssc.2002.9701,No Match
de5,Li6.0In2.0Cl12.0,12,6.432,11.093,6.398,90.0,109.8,90.0,0.00204,10.1002/anie.201909805,Match
cfy,Li4.0P4.0S12.0,12,11.1157,7.00704,6.52514,90.0,125.572,90.0,7.8e-11,10.1021/acs.inorgchem.7b00751,Match
na5,Li6.0Mo16.0S16.0O80.0H94.0W2.0,12,20.6754,11.1509,14.5769,90.0,133.865,90.0,3.8e-07,10.1002/1521-3765(20020118)8:2<349::aid-chem349>3.0.co;2-5,Match
pe2,Li17.0Sb13.0S28.0,12,12.7298,11.5837,9.2251,90.0,119.55,90.0,1.05e-09,10.1002/chem.201502052,Match
opo,Li4.8Sn4.8S12.0,12,19.217,3.6996,6.529,90.0,109.056,90.0,0.00012,10.1039/c6ee00633g,Match
elz,Li6.0Y2.0Br12.0,12,6.9217,11.9096,6.9326,90.0,109.553,90.0,0.00192,10.1002/adma.201803075,Close Match
lkm,Li24.0Ge8.0O28.0,14,8.071,5.304,14.223,90.0,92.9,90.0,8.5e-07,10.4028/www.scientific.net/msf.76.107,Match
p81,Li4.0Al4.0Cl16.0,14,7.004,6.503,12.996,90.0,93.3,90.0,1e-06,10.1149/1.2133238,Match
bv2,Li4.0Y4.0O8.0,14,6.12,6.185,6.21,90.0,118.8,90.0,1.8e-08,10.1016/0167-2738(81)90021-7,Match
be9,Li4.0Ga4.0Br16.0,14,13.696,6.854,7.416,90.0,93.14,90.0,7e-06,10.1016/s0167-2738(00)00491-4,Match
n27,Li4.0B4.0O8.0,14,5.845,4.353,6.454,90.0,115.09,90.0,1e-08,10.1140/epjst/e2008-00753-4,Match
goi,Li4.0Cl4.0C12.0H28.0N4.0O4.0,14,5.839,6.39,15.961,90.0,98.826,90.0,0.00016,10.1021/acs.chemmater.5b00940,Match
ecp,La4.0Li4.0O8.0,14,5.874,6.2129,5.8481,90.0,102.453,90.0,1e-15,10.1016/j.ssi.2015.09.001,Match
me3,La3.6Sr0.4Li4.0O8.0,14,5.8748,6.2152,5.8521,90.0,102.478,90.0,6.29e-10,10.1016/j.ssi.2015.09.001,Match
zs0,La4.0Li3.04Mg0.32O8.0,14,5.875,6.212,5.849,90.0,102.451,90.0,7.27e-10,10.1016/j.ssi.2015.09.001,Match
lrh,Li10.0V8.0P12.0O48.0,14,8.45678,8.62076,11.8958,90.0,90.2366,90.0,1.9e-07,10.1021/cm034802f,Match
1xt,Li8.0Sb8.0O16.0,14,4.855,17.857,5.5771,90.0,90.061,90.0,1e-15,10.1021/ic201183e,Match
kbo,Li8.0Sr8.0Al4.0P12.0O48.0,14,4.945,22.088,8.632,90.0,91.47,90.0,1e-15,10.1016/j.jssc.2016.08.006,Match
5zv,Li16.0Zn4.0P8.0O32.0,14,8.1199,10.2419,8.10549,90.0,104.859,90.0,5.55e-18,10.1021/acs.chemmater.7b05139,Match
5bz,Li12.0B4.0N8.0,14,5.1502,7.0824,6.7908,90.0,112.956,90.0,8.7e-08,10.1016/0022-4596(87)90135-6,Match
883,Li4.0Al4.0H16.0,14,4.8254,7.804,7.8968,90.0,112.268,90.0,8.7e-09,10.1063/1.3356981,Match
uu4,Li8.0V8.0O24.0,15,10.1597,8.4155,5.8843,90.0,110.505,90.0,2.05e-09,10.1006/jssc.2000.9009,Match
tws,Li24.0Zr8.0O28.0,15,10.44,5.991,10.204,90.0,100.25,90.0,5.2e-10,10.3103/s1062873810050199,Match
l9v,Li36.0Al12.0F72.0,15,14.201,8.387,9.861,90.0,94.07,90.0,5e-07,10.1149/2.012206eel,Match
t0h,Li8.0Zr4.0O12.0,15,5.4163,9.0262,5.4156,90.0,112.615,90.0,6.1e-10,10.1016/0167-2738(81)90021-7,Match
4kt,Li8.0Cr4.0Cl16.0,15,7.446,10.162,10.172,90.0,90.0,132.11,1e-15,10.1016/0022-4596(88)90301-5,Match
xas,Li16.0Sn8.0S24.0,15,6.3964,11.0864,12.4048,90.0,99.867,90.0,1.5e-05,10.1021/cm5037524,Match
kfp,Li16.0Ba8.0P16.0O56.0,15,7.147,12.283,14.016,90.0,90.49,90.0,1.59881e-17,10.1007/s11581-014-1261-6,Match
qy4,Li12.0Na20.0Ti8.0S32.0,15,17.5783,9.6404,12.0796,90.0,133.405,90.0,8.8e-06,10.1016/j.jssc.2008.01.023,Match
00x,Li4.0Gd4.0P16.0O48.0,15,16.386,7.059,9.677,90.0,126.12,90.0,1e-15,10.1016/j.jssc.2006.06.003,Match
ard,Li8.0Ta16.0P8.0O64.0,15,9.71545,11.5358,10.6971,90.0,90.0355,90.0,0.0016,10.1039/c8ta09170f,Match
9wf,Li12.0Er4.0I24.0,15,7.413,12.838,14.2,90.0,100.01,90.0,0.00065,10.1021/acsaem.0c00147,Match
dmq,Li24.0Al8.0S24.0,15,14.319,11.9804,6.627,90.0,116.923,90.0,1.31e-08,10.1021/acs.chemmater.9b03230,Match
uox,Li7.4Zn1.4Ga0.6P4.0O16.0,19,4.9391,6.4803,10.1468,90.0,90.0,90.0,5.65e-12,10.1021/acs.chemmater.7b05139,Match
joc,Li6.0P2.0S8.0,31,7.70829,6.53521,6.1365,90.0,90.0,90.0,2.6e-07,10.1021/ja3110895,Match
mq1,Li6.0Sb2.0S8.0,31,7.9645,6.8404,6.3774,90.0,90.0,90.0,4.8e-09,10.1016/j.ssi.2019.01.017,Match
ssv,Li6.0P0.4V1.6O8.0,31,6.282,5.4021,4.9289,90.0,90.0,90.0,1.31e-13,10.1021/acs.chemmater.8b01504,No Match
h6c,Li6.0V2.0O8.0,31,6.3278,5.4448,4.9467,90.0,90.0,90.0,9.2e-14,10.1021/acs.chemmater.8b01504,Close Match
bsa,Li4.0Ga4.0O8.0,33,5.402,6.372,5.007,90.0,90.0,90.0,2.4e-14,10.1007/bf00549810,Match
mde,Li4.0B24.0O36.0F4.0,33,7.65545,8.53175,10.7894,90.0,90.0,90.0,1e-15,10.1002/zaac.200900056,Match
1e9,Li12.0Sb4.0S12.0,33,7.9671,6.7883,10.0912,90.0,90.0,90.0,1e-09,10.1002/zaac.201200277,Match
an2,Li24.0Si4.0O16.0Cl8.0,33,10.5204,6.0756,9.953,90.0,90.0,90.0,1e-10,10.1021/acs.chemmater.1c00157,Match
tka,Li4.0Si8.0N12.0,36,9.186,5.302,4.776,90.0,90.0,90.0,6.17e-08,10.1016/0167-2738(87)90119-6,Match
cdk,Li8.0P4.0O8.0N4.0,36,9.0692,5.3999,4.6856,90.0,90.0,90.0,1e-15,10.1016/j.ssi.2012.12.013,Match
fwz,Li8.0Si4.0S12.0,36,6.735,11.664,5.926,90.0,90.0,90.0,2e-06,10.1016/0025-5408(89)90053-6,Close Match
hln,Li8.0Ga16.0Ge8.0S48.0,43,11.943,22.59,6.805,90.0,90.0,90.0,3.8e-08,10.1016/j.ssi.2014.04.015,No Match
cy2,La1.28Li0.16Ti2.0O6.0,47,3.8753,3.8638,7.7901,90.0,90.0,90.0,0.000335,10.1016/s0167-2738(00)00761-x,Match
5tl,La1.24Li0.28Ti2.0O6.0,47,3.8757,3.8655,7.7845,90.0,90.0,90.0,0.000442,10.1016/s0167-2738(00)00761-x,Match
u2y,La1.19Li0.43Ti2.0O6.0,47,3.8671,3.8654,7.7727,90.0,90.0,90.0,0.000853,10.1016/s0167-2738(00)00761-x,Match
ku9,Li0.4Na0.1La0.5Nb2.0O6.0,47,3.903,3.904,7.854,90.0,90.0,90.0,9.92e-06,10.1134/s002016851103006x,Match
9n0,Li0.3Na0.2La0.5Nb2.0O6.0,47,3.906,3.907,7.852,90.0,90.0,90.0,1.11e-05,10.1134/s002016851103006x,Match
ozo,Li0.2Na0.3La0.5Nb2.0O6.0,47,3.915,3.912,7.861,90.0,90.0,90.0,1.18e-05,10.1134/s002016851103006x,Match
h5i,Li0.1Na0.4La0.5Nb2.0O6.0,123,3.915,3.915,7.861,90.0,90.0,90.0,1.21e-05,10.1134/s002016851103006x,Match
o9h,Li0.07Na0.43La0.5Nb2.0O6.0,47,3.923,3.9311,7.85,90.0,90.0,90.0,1.23e-05,10.1134/s002016851103006x,Match
4xq,Li0.04Na0.46La0.5Nb2.0O6.0,47,3.918,3.923,7.86,90.0,90.0,90.0,5.91e-06,10.1134/s002016851103006x,Match
0ii,Li0.02Na0.48La0.5Nb2.0O6.0,47,3.9167,3.9304,7.846,90.0,90.0,90.0,3.99e-06,10.1134/s002016851103006x,Match
81x,Ag0.18Li0.36La1.14Ti2.0O6.0,47,3.881,3.868,7.791,90.0,90.0,90.0,0.0001,10.1021/cm001207u,No Match
5fj,Ag0.27Li0.27La1.14Ti2.0O6.0,47,3.881,3.868,7.791,90.0,90.0,90.0,2.3e-05,10.1021/cm001207u,No Match
0vd,Ag0.36Li0.18La1.14Ti2.0O6.0,47,3.882,3.867,7.791,90.0,90.0,90.0,2e-07,10.1021/cm001207u,No Match
kxh,Pr1.12Li0.68Ti2.0O6.02,47,3.8372,3.8372,7.701,90.0,90.0,90.0,1e-06,10.1016/0167-2738(94)90310-7,No Match
3we,Nd1.1Li0.68Ti2.0O6.0,47,3.8204,3.823,7.679,90.0,90.0,90.0,8e-08,10.1016/0167-2738(94)90310-7,No Match
5z0,Li40.0Al8.0O32.0,61,9.08,8.94,9.13,90.0,90.0,90.0,5e-10,10.1016/0025-5408(76)90169-0,Close Match
472,Li28.0Nd10.0Si22.0N38.0O14.0F4.0,59,17.126,7.6155,10.123,90.0,90.0,90.0,1.7e-10,10.1021/ja302255d,Match
9zk,Li40.0Ga8.0O32.0,61,9.173,9.094,9.202,90.0,90.0,90.0,5e-09,10.1016/0025-5408(76)90169-0,Match
dnt,Li16.0Cr8.0Ti8.0P24.0O96.0,61,8.461,8.688,23.83,90.0,90.0,90.0,4.41e-07,10.1016/s0167-2738(96)00565-6,No Match
g5g,Li16.0Cr8.0Zr8.0P24.0O96.0,61,8.596,8.787,24.21,90.0,90.0,90.0,5.91e-07,10.1016/s0167-2738(96)00565-6,No Match
hpu,Li16.0Cr8.0Hf8.0P24.0O96.0,61,8.598,8.816,24.21,90.0,90.0,90.0,4.2e-08,10.1016/s0167-2738(96)00565-6,No Match
c6h,Li16.0Fe8.0Ti8.0P24.0O96.0,61,8.452,8.672,23.62,90.0,90.0,90.0,3.34e-07,10.1016/s0167-2738(96)00565-6,No Match
vzu,Li16.0Fe8.0Zr8.0P24.0O96.0,61,8.47,8.72,23.8,90.0,90.0,90.0,1.44e-07,10.1016/s0167-2738(96)00565-6,No Match
a3e,Li16.0In8.0Hf8.0P24.0O96.0,61,8.757,8.954,24.28,90.0,90.0,90.0,2.74e-08,10.1016/s0167-2738(96)00565-6,No Match
ubi,Li16.0In8.0Ti8.0P24.0O96.0,61,8.577,8.826,24.05,90.0,90.0,90.0,8.3e-06,10.1016/s0167-2738(96)00565-6,No Match
9z8,Li16.0In8.0Zr8.0P24.0O96.0,61,8.761,8.979,24.2,90.0,90.0,90.0,8.22e-08,10.1016/s0167-2738(96)00565-6,No Match
nhq,Li12.0P4.0S16.0,62,13.066,8.015,6.101,90.0,90.0,90.0,8.93e-07,10.1021/ja3110895,Match
w7d,Li12.0P4.0O16.0,62,6.1113,10.4612,4.9208,90.0,90.0,90.0,4.2e-18,10.1006/jssc.1995.1140,Close Match
fj5,Li13.0O16.0P3.0Si1.0,62,10.5259,6.11525,4.97031,90.0,90.0,90.0,4.49e-07,10.1021/jacs.5b04444,Match
gxz,Li8.0Zn2.0P4.0O16.0,62,10.2974,6.5021,5.0011,90.0,90.0,90.0,1e-15,10.1021/acs.chemmater.7b05139,Match
tbu,Li7.0Zn1.0Ga1.0P4.0O16.0,62,10.0892,6.5108,4.93588,90.0,90.0,90.0,1e-15,10.1021/acs.chemmater.7b05139,Match
uxo,Li11.52P4.0O14.92N0.56,62,6.1153,10.469,4.9195,90.0,90.0,90.0,1.4e-13,10.1006/jssc.1995.1140,Match
e6b,Li16.0Ge4.0S16.0,62,14.07,7.75,6.15,90.0,90.0,90.0,2e-07,10.1016/s0167-2738(00)00277-0,Match
pbz,Li15.0Ge3.0V1.0O16.0,62,10.896,6.2516,5.1571,90.0,90.0,90.0,5.66e-06,10.1023/a:1026135806929,Match
7ek,Li14.8Ge3.4W0.6O16.0,62,10.938,6.274,5.1609,90.0,90.0,90.0,3.8e-05,10.1023/a:1026135806929,Match
86k,Li0.8Ca1.6Ta4.0O12.0,62,5.477,7.75,5.479,90.0,90.0,90.0,3.53e-09,10.1016/j.solidstatesciences.2004.05.006,No Match
2uv,Li16.0Sn4.0Se16.0,62,14.931,8.2217,6.5989,90.0,90.0,90.0,2e-05,10.1021/cm400541n,Match
kmv,Li16.0Sn4.0S16.0,62,13.812,7.9624,6.367,90.0,90.0,90.0,7e-05,10.1021/cm3011315,Match
n7a,Li10.0Y2.0Zr2.0Cl24.0,62,12.0389,11.1664,6.4069,90.0,90.0,90.0,0.0014,10.1021/acsenergylett.9b02599,No Match
i6k,Sm2.08Li1.52Ti4.0O11.88,62,5.34,7.619,5.441,90.0,90.0,90.0,2e-07,10.1016/0167-2738(94)90310-7,No Match
2r7,Li12.0Cr4.0Mo12.0O48.0,62,5.0377,10.4091,17.6149,90.0,90.0,90.0,3.19e-09,10.1039/b301189e,Close Match
b56,Li8.0Mg8.0Mo12.0O48.0,62,5.1167,10.4646,17.6228,90.0,90.0,90.0,1e-15,10.1039/b301189e,Match
mfu,Li12.0Fe4.0Mo12.0O48.0,62,5.0697,10.4333,17.6317,90.0,90.0,90.0,5.89e-10,10.1039/b301189e,Close Match
x94,Li16.0Si4.0S16.0,62,13.735,7.769,6.147,90.0,90.0,90.0,4.93e-08,10.1016/0025-5408(89)90053-6,No Match
kmr,Li20.0Ge1.9Si0.1P4.0S24.0,137,8.7149,8.7149,12.599,90.0,90.0,90.0,0.0086,10.1016/j.jpowsour.2014.07.159,No Match
e6e,Li12.8Ge0.8P3.2O16.0,62,10.5562,6.1319,4.9769,90.0,90.0,90.0,1.14e-06,10.1021/acs.chemmater.8b01504,No Match
ylh,Li12.8Ge0.8V3.2O16.0,62,10.8685,6.2984,5.1017,90.0,90.0,90.0,1.9e-05,10.1021/acs.chemmater.8b01504,No Match
eij,Li13.6Ge1.6P2.4O16.0,62,10.6305,6.1639,5.0266,90.0,90.0,90.0,4.5e-06,10.1021/acs.chemmater.8b01504,No Match
ldd,Li13.6Ge1.6V2.4O16.0,62,10.8697,6.2784,5.1181,90.0,90.0,90.0,8.89e-07,10.1021/acs.chemmater.8b01504,No Match
efb,Li14.4Ge2.4P1.6O16.0,62,10.7284,6.1866,5.0882,90.0,90.0,90.0,1.1e-05,10.1021/acs.chemmater.8b01504,No Match
lcm,Li14.4Ge2.4V1.6O16.0,62,10.8786,6.26,5.1371,90.0,90.0,90.0,3.19e-05,10.1021/acs.chemmater.8b01504,No Match
mgs,Li15.2Ge3.2P0.8O16.0,62,10.8096,6.1767,5.1421,90.0,90.0,90.0,1.03e-06,10.1021/acs.chemmater.8b01504,No Match
31s,Li15.2Ge3.2V0.8O16.0,62,10.8891,6.2315,5.1518,90.0,90.0,90.0,2.71e-06,10.1021/acs.chemmater.8b01504,No Match
dku,Li12.0P1.6V2.4O16.0,62,10.7651,6.2647,4.9262,90.0,90.0,90.0,3.55e-13,10.1021/acs.chemmater.8b01504,No Match
ndx,Li12.0P2.4V1.6O16.0,62,10.6467,6.2052,4.9763,90.0,90.0,90.0,3.2e-13,10.1021/acs.chemmater.8b01504,No Match
m0j,Li12.0P3.2V0.8O16.0,62,10.554,6.1486,4.9492,90.0,90.0,90.0,2.05e-13,10.1021/acs.chemmater.8b01504,No Match
9lo,Li12.0P4.0O16.0,62,10.4772,6.1179,4.9297,90.0,90.0,90.0,1.75e-13,10.1021/acs.chemmater.8b01504,Close Match
dth,Li16.0Ge4.0O16.0,63,7.7661,7.3645,6.0555,90.0,90.0,90.0,1.3e-12,10.1021/acs.chemmater.8b01504,Close Match
45e,Li8.0Mg4.0Br16.0,65,7.771,11.04,7.735,90.0,90.0,90.0,7.8e-10,10.1002/chin.198639014|10.1149/1.2108704,No Match
85t,La4.56Li2.32Ti8.0O24.0,65,7.737,7.742,7.785,90.0,90.0,90.0,0.0016,10.1016/j.jpowsour.2012.11.098,No Match
x2i,Li8.0Bi8.0O16.0,72,18.0055,5.18159,4.97144,90.0,90.0,90.0,3.8e-08,10.1016/j.ssi.2015.10.016,Close Match
i9a,Li5.0Zn0.5P2.0S8.0,82,5.836,5.836,8.829,90.0,90.0,90.0,0.00084,10.1021/acs.chemmater.7b05108,No Match
i47,Li2.0Zn2.0P2.0S8.0,82,5.738,5.738,8.914,90.0,90.0,90.0,5.4e-08,10.1021/acs.chemmater.7b05108,Close Match
dco,Li4.0Zn1.0P2.0S8.0,82,5.795,5.795,8.834,90.0,90.0,90.0,0.00013,10.1021/acs.chemmater.7b05108,No Match
tqb,Li3.0Zn1.5P2.0S8.0,82,5.764,5.764,8.843,90.0,90.0,90.0,1.65e-05,10.1021/acs.chemmater.7b05108,No Match
xz4,Li2.0Ce2.0Mo4.0O16.0,88,5.2943,5.2943,11.6254,90.0,90.0,90.0,1.3e-08,10.1007/s12039-011-0068-5,Match
hja,Li2.0Ce1.0Pr1.0Mo4.0O16.0,88,5.284,5.284,11.5763,90.0,90.0,90.0,1e-09,10.1007/s12039-011-0068-5,Match
3nb,Li2.0Ce1.0Sm1.0Mo4.0O16.0,88,5.2546,5.2546,11.5052,90.0,90.0,90.0,1.8e-10,10.1007/s12039-011-0068-5,Match
qa9,Li6.0B2.0N4.0,136,4.6435,4.6435,5.2592,90.0,90.0,90.0,1.6e-10,10.1016/0022-4596(87)90135-6,Match
ihb,Li0.66La1.12Ti1.98Al0.02O5.98F0.02,99,3.8701,3.8701,7.756,90.0,90.0,90.0,0.00098,10.1007/s11581-006-0011-9,No Match
3k7,Li0.66La1.12Ti1.96Al0.04O5.96F0.04,99,3.8697,3.8697,7.749,90.0,90.0,90.0,0.00106,10.1007/s11581-006-0011-9,No Match
1sz,Li0.66La1.12Ti1.94Al0.06O5.94F0.06,99,3.8692,3.8692,7.7434,90.0,90.0,90.0,0.000928,10.1007/s11581-006-0011-9,No Match
yh8,Li0.66La1.12Ti1.92Al0.08O5.92F0.08,99,3.8697,3.8697,7.744,90.0,90.0,90.0,0.000622,10.1007/s11581-006-0011-9,No Match
coh,Li0.66La1.12Ti1.9Al0.1O5.9F0.1,99,3.8667,3.8667,7.739,90.0,90.0,90.0,0.000176,10.1007/s11581-006-0011-9,No Match
1pw,Li0.66La1.12Ti1.88Al0.12O5.88F0.12,99,3.8722,3.8722,7.73,90.0,90.0,90.0,0.000106,10.1007/s11581-006-0011-9,No Match
bw3,Li0.66La1.12Ti1.86Al0.14O5.86F0.14,99,3.8705,3.8705,7.7476,90.0,90.0,90.0,0.000645,10.1007/s11581-006-0011-9,No Match
my5,Li0.66La1.12Ti1.84Al0.16O5.84F0.16,99,3.8695,3.8695,7.7437,90.0,90.0,90.0,0.000494,10.1007/s11581-006-0011-9,No Match
0lo,Li0.54La1.14Ti2.0O6.0,123,3.873,3.873,7.75,90.0,90.0,90.0,0.00034,10.1021/cm001207u,No Match
hta,La1.13Li0.61Ti2.0O6.0,123,3.8727,3.8727,7.751,90.0,90.0,90.0,0.000957,10.1016/s0167-2738(00)00761-x,Match
s3h,La1.0Li1.0Ti2.0O6.0,123,3.8688,3.86885,7.7462,90.0,90.0,90.0,0.000925,10.1016/s0167-2738(00)00761-x,Match
86o,La1.22Li0.36Ti2.0O6.0,123,3.8695,3.8695,7.778,90.0,90.0,90.0,0.000412,10.1016/s0167-2738(98)00070-8,No Match
2lu,La1.1Li0.72Ti2.0O6.0,123,3.868,3.868,7.751,90.0,90.0,90.0,0.000688,10.1016/s0167-2738(98)00070-8,No Match
bd5,La1.08Li0.78Ti2.0O6.0,123,3.867,3.867,7.748,90.0,90.0,90.0,0.000651,10.1016/s0167-2738(98)00070-8,No Match
ukw,La1.04Li0.9Ti2.0O6.0,123,3.8673,3.8673,7.739,90.0,90.0,90.0,0.000501,10.1016/s0167-2738(98)00070-8,No Match
5h8,La1.16Li0.54Ti2.0O6.0,123,3.87,3.87,7.773,90.0,90.0,90.0,0.000599,10.1016/s0167-2738(98)00070-8,No Match
vwy,La1.12Li0.66Ti2.0O6.0,123,3.8675,3.8675,7.758,90.0,90.0,90.0,0.000668,10.1016/s0167-2738(98)00070-8,Close Match
2ha,La1.12Li0.66Ti2.0O6.0,123,3.89816,3.89816,7.8519,90.0,90.0,90.0,0.000165,10.1016/j.jallcom.2013.04.195,No Match
il5,Nd0.5Li0.5Ta2.0O6.0,123,3.872,3.872,7.73,90.0,90.0,90.0,1.31e-08,10.1016/s0167-2738(98)00414-7,No Match
r1m,Sm0.5Li0.5Ta2.0O6.0,123,3.859,3.859,7.71,90.0,90.0,90.0,4.32e-10,10.1016/s0167-2738(98)00414-7,No Match
nua,Li2.0La2.0Ti2.0O8.0,129,3.77,3.77,12.076,90.0,90.0,90.0,1e-15,10.4028/www.scientific.net/msf.321-324.965,Match
3rx,Li2.0Nd2.0Ti2.0O8.0,129,3.7465,3.7465,11.895,90.0,90.0,90.0,1e-15,10.4028/www.scientific.net/msf.321-324.965,Match
7e5,La2.6Li0.2Mg2.0W2.0O12.0,129,5.533,5.533,7.903,90.0,90.0,90.0,1.8e-07,10.1016/j.ssi.2004.05.010,Match
sib,La2.52Li0.44Mg2.0W2.0O12.0,129,5.534,5.534,7.903,90.0,90.0,90.0,6.8e-06,10.1016/j.ssi.2004.05.010,Match
r99,La2.48Li0.56Mg2.0W2.0O12.0,129,5.533,5.533,7.903,90.0,90.0,90.0,1.2e-05,10.1016/j.ssi.2004.05.010,Match
lol,Li8.0P2.0S8.0I2.0,129,8.48284,8.48284,5.93013,90.0,90.0,90.0,0.00012,10.1021/acs.chemmater.7b00013,Match
d7f,Li12.0Bi4.0O16.0,136,8.75298,8.75298,4.22469,90.0,90.0,90.0,4.1e-10,10.1016/j.ssi.2015.10.016,Close Match
52b,Li20.1Ge2.1P3.9S24.0,137,8.6944,8.6944,12.6003,90.0,90.0,90.0,0.0122,10.1039/c4ta05231e,No Match
8po,Li20.4Ge2.4P3.6S24.0,137,8.7043,8.7043,12.616,90.0,90.0,90.0,0.0132,10.1039/c4ta05231e,No Match
ya8,Li21.0Ge3.0P3.0S24.0,137,8.7025,8.7025,12.6251,90.0,90.0,90.0,0.011,10.1039/c4ta05231e,No Match
j8q,Li20.0Ge2.0P4.0S24.0,137,8.719,8.719,12.639,90.0,90.0,90.0,0.0121,10.1039/c4ta05231e|10.1021/acs.chemmater.7b00886,Close Match
824,Li20.7Ge2.7P3.3S24.0,137,8.71302,8.71302,12.6397,90.0,90.0,90.0,0.0144,10.1039/c4ta05231e,Match
mqo,Li20.7Si2.7P3.3S24.0,137,8.66958,8.66958,12.5361,90.0,90.0,90.0,0.00673,10.1039/c4fd00143e,No Match
izs,Li20.85Si2.85P3.15S24.0,137,8.672,8.672,12.536,90.0,90.0,90.0,0.00527,10.1039/c4fd00143e,No Match
8nc,Li20.55Si2.55P3.45S24.0,137,8.653,8.653,12.51,90.0,90.0,90.0,0.00565,10.1039/c4fd00143e,No Match
3sx,Li20.4Si2.4P3.6S24.0,137,8.644,8.644,12.504,90.0,90.0,90.0,0.00421,10.1039/c4fd00143e,No Match
xga,Li20.01Sn1.98P4.02S24.0,137,8.743,8.743,12.782,90.0,90.0,90.0,0.00373,10.1039/c4fd00143e,No Match
xn9,Li19.8Sn1.8P4.2S24.0,137,8.731,8.731,12.768,90.0,90.0,90.0,0.00365,10.1039/c4fd00143e,No Match
sg4,Li19.71Sn1.68P4.32S24.0,137,8.721,8.721,12.725,90.0,90.0,90.0,0.00436,10.1039/c4fd00143e,No Match
ns3,Li19.62Sn1.62P4.38S24.0,137,8.7405,8.7405,12.715,90.0,90.0,90.0,0.00496,10.1039/c4fd00143e,No Match
g8j,Li19.56Sn1.56P4.44S24.0,137,8.737,8.737,12.713,90.0,90.0,90.0,0.00453,10.1039/c4fd00143e,No Match
bim,Li19.5Sn1.5P4.5S24.0,137,8.722,8.722,12.72,90.0,90.0,90.0,0.0036,10.1039/c4fd00143e,No Match
02p,Li20.0Si2.0P4.0S24.0,137,8.6512,8.6512,12.5095,90.0,90.0,90.0,0.0023,10.1149/2.0501412jes,No Match
9lx,Li20.0Sn2.0P4.0S24.0,137,8.7057,8.7057,12.7389,90.0,90.0,90.0,0.007,10.1021/ja407393y,Match
mtn,Li20.0Ge2.0P4.0S24.0,137,8.71121,8.71121,12.6078,90.0,90.0,90.0,0.0246,10.1021/acs.chemmater.8b00266,Match
9rc,Li20.0Ge1.55Sn0.45P4.0S24.0,137,8.71859,8.71859,12.6514,90.0,90.0,90.0,0.0141,10.1021/acs.chemmater.8b00266,Match
13q,Li20.0Sn2.0P4.0S24.0,137,8.73685,8.73685,12.7573,90.0,90.0,90.0,0.00398,10.1021/acs.chemmater.8b00266,Match
ik8,Li20.0Ge0.83Sn1.17P4.0S24.0,137,8.72902,8.72902,12.7065,90.0,90.0,90.0,0.00743,10.1021/acs.chemmater.8b00266,Match
nip,Li19.62Sn1.62P4.38S24.0,137,8.73764,8.73764,12.7166,90.0,90.0,90.0,0.0055,10.1107/s2052520615022283,Match
1hh,Li20.0Ge2.0P4.0S24.0,137,8.69407,8.69407,12.5994,90.0,90.0,90.0,0.012,10.1038/nmat3066,No Match
8ub,Li21.0Sn0.6Si2.4P3.0S24.0,137,8.69204,8.69204,12.6166,90.0,90.0,90.0,0.00879,10.1021/acs.chemmater.7b00886,Match
7tu,Li20.4Sn0.48Si1.92P3.6S24.0,137,8.65173,8.65173,12.5349,90.0,90.0,90.0,0.00782,10.1021/acs.chemmater.7b00886,Match
ui6,Li20.7Sn0.54Si2.16P3.3S24.0,137,8.67822,8.67822,12.5744,90.0,90.0,90.0,0.011,10.1021/acs.chemmater.7b00886,Match
nkr,Li20.0Ge2.0P4.0S24.0,137,8.694,8.694,12.599,90.0,90.0,90.0,0.00143,10.1016/j.ssi.2017.01.014,No Match
906,Li19.6Ba0.2Ge2.0P4.0S24.0,137,8.716,8.716,12.728,90.0,90.0,90.0,0.000561,10.1016/j.ssi.2017.01.014,No Match
fnu,Li19.2Ba0.4Ge2.0P4.0S24.0,137,8.727,8.727,12.908,90.0,90.0,90.0,0.000572,10.1016/j.ssi.2017.01.014,No Match
pfi,Li18.8Ba0.6Ge2.0P4.0S24.0,137,8.734,8.734,13.005,90.0,90.0,90.0,0.000707,10.1016/j.ssi.2017.01.014,No Match
f0h,Li18.4Ba0.8Ge2.0P4.0S24.0,137,8.752,8.752,13.011,90.0,90.0,90.0,0.000316,10.1016/j.ssi.2017.01.014,No Match
7iw,Li18.0Ba1.0Ge2.0P4.0S24.0,137,8.77,8.77,13.053,90.0,90.0,90.0,9.98e-05,10.1016/j.ssi.2017.01.014,No Match
ikh,Li19.2P6.0S24.0,137,8.7144,8.7144,12.4677,90.0,90.0,90.0,0.0012,10.1038/nenergy.2016.30,No Match
hd3,Li14.0Ge2.0P2.0S16.0,137,8.718,8.718,12.66,90.0,90.0,90.0,0.007,10.1039/c3ee41728j,No Match
ete,Li19.08Si3.48P2.88S23.4Cl0.6,137,8.70965,8.70965,12.5691,90.0,90.0,90.0,0.025,10.1038/nenergy.2016.30,No Match
k4x,Li20.7Si2.7P3.3S24.0,137,8.68385,8.68385,12.5559,90.0,90.0,90.0,0.0065,10.1107/s2052520615022283,Match
ia5,Li2.0La2.0Nb4.0O14.0,139,3.8798,3.8798,20.3597,90.0,90.0,90.0,1e-15,10.1016/0925-8388(93)90192-p,Match
xq3,Li4.0Sr3.0Nb5.77Fe0.23O19.77,139,3.9585,3.9585,25.915,90.0,90.0,90.0,1e-15,10.1021/cm980736j,Match
wgw,Li4.0Sr3.0Nb6.0O20.0,139,3.953,3.953,26.041,90.0,90.0,90.0,1e-15,10.1021/cm980736j,Match
sg0,Li4.0Sc4.0O8.0,141,4.1791,4.1791,9.361,90.0,90.0,90.0,1e-15,10.2320/matertrans.y-m2016816,Match
97b,Li3.6Sc3.6Zr0.4O8.0,141,4.1804,4.1804,9.4186,90.0,90.0,90.0,1e-15,10.2320/matertrans.y-m2016816,Match
ipo,Li56.0La24.0Hf16.0O96.0,142,13.106,13.106,12.63,90.0,90.0,90.0,9.85e-07,10.1016/j.jssc.2009.10.030,Match
wyu,Li56.0La24.0Zr16.0O96.0,142,13.134,13.134,12.663,90.0,90.0,90.0,1.63e-06,10.1016/j.jssc.2009.05.020,Match
bnu,Li18.0Ga9.0Al9.0Ge18.0O72.0,146,13.867,13.867,9.256,90.0,90.0,120.0,1e-15,10.1149/2.1111610jes,Match
kxw,Li18.0Al18.0Ge18.0O72.0,146,13.772,13.772,9.195,90.0,90.0,120.0,1e-15,10.1149/2.1111610jes,Match
um1,Li18.0Ga18.0Ge18.0O72.0,167,13.941,13.941,9.302,90.0,90.0,120.0,1e-15,10.1149/2.1111610jes,Match
019,Li6.0Ti12.0P18.0O72.0,168,8.5112,8.5112,20.8479,90.0,90.0,120.0,0.000161,10.1021/ic400577v,Match
yqu,Li7.2Ti10.8Al1.2P18.0O72.0,148,8.502,8.502,20.818,90.0,90.0,120.0,0.00482,10.1021/ic400577v,Match
95j,Li18.0Al6.0H36.0,148,8.07117,8.07117,9.513,90.0,90.0,120.0,1.4e-07,10.1063/1.3356981,Match
l2w,Li3.33Mg0.33P2.0S6.0,162,6.0748,6.0748,6.5954,90.0,90.0,120.0,8.2e-08,10.1016/s0167-2738(02)00007-3,Match
ob9,Li2.67Mg0.67P2.0S6.0,162,6.0831,6.0831,6.5863,90.0,90.0,120.0,4e-06,10.1016/s0167-2738(02)00007-3,Match
0iv,Li4.0P2.0S6.0,162,6.075,6.075,6.595,90.0,90.0,120.0,2.38e-07,10.1016/j.ssi.2015.10.015,Close Match
2ro,Li4.0P2.0S6.0,162,6.0773,6.0773,6.5985,90.0,90.0,120.0,1.6e-10,10.1021/acs.chemmater.6b04175,No Match
ei3,Li9.0Y3.0Cl18.0,164,11.2217,11.2217,6.05517,90.0,90.0,120.0,0.000539,10.1002/adma.201803075,Close Match
deu,Li8.8Al0.8Ge1.2S8.0,164,7.9496,7.9496,6.1566,90.0,90.0,120.0,4.3e-05,10.1021/acs.chemmater.8b03175,Match
usu,Li8.8Al0.8Sn1.2S8.0,164,8.0184,8.0184,6.2856,90.0,90.0,120.0,4.3e-06,10.1021/acs.chemmater.8b03175,Match
ur9,Li6.0Zr12.0P18.0O72.0,167,8.847,8.847,22.24,90.0,90.0,120.0,1e-09,10.1016/0025-5408(86)90194-7,Match
0o6,Li7.2Ti10.8Sc1.2P18.0O72.0,167,8.527,8.527,20.924,90.0,90.0,120.0,9.98e-05,10.1021/acs.inorgchem.6b02274,Match
a3l,Li6.0Hf12.0P18.0O72.0,167,8.824,8.824,22.04,90.0,90.0,120.0,2.83e-07,10.1002/chin.199345017,No Match
4ba,Li6.0Ge12.0P18.0O72.0,167,8.287,8.287,20.475,90.0,90.0,120.0,3.33e-07,10.1002/chin.199345017,Close Match
qea,Li6.0Ti12.0P18.0O72.0,167,8.512,8.512,20.858,90.0,90.0,120.0,2e-06,10.1149/1.2086597,No Match
ldx,Li6.0Ge12.0P18.0O72.0,167,8.27059,8.27059,20.4652,90.0,90.0,120.0,4.83e-09,10.1021/acsami.8b00842,Match
0fh,Li7.2Al1.2Ge10.8P18.0O72.0,167,8.2619,8.2619,20.5656,90.0,90.0,120.0,4.83e-05,10.1021/acsami.8b00842,Match
gw2,Li8.4Al2.4Ge9.6P18.0O72.0,167,8.25565,8.25565,20.6319,90.0,90.0,120.0,0.000188,10.1021/acsami.8b00842,Match
1xf,Li9.0Al3.0Ge9.0P18.0O72.0,167,8.25658,8.25658,20.6523,90.0,90.0,120.0,0.000336,10.1021/acsami.8b00842,Match
tjh,Li10.2Al4.2Ge7.8P18.0O72.0,167,8.25247,8.25247,20.6936,90.0,90.0,120.0,0.000264,10.1021/acsami.8b00842,Match
8fn,Li10.8Al4.8Ge7.2P18.0O72.0,167,8.25004,8.25004,20.7062,90.0,90.0,120.0,0.000137,10.1021/acsami.8b00842,Match
mdj,Li7.2Ti12.0Si1.2P16.8O72.0,167,8.518,8.518,20.848,90.0,90.0,120.0,8.6e-05,10.1149/1.2086597,No Match
t1l,Li7.8Ti12.0Si1.8P16.2O72.0,167,8.52,8.52,20.862,90.0,90.0,120.0,0.00032,10.1149/1.2086597,No Match
my9,Li7.2Al1.2Ti10.8P18.0O72.0,167,8.5042,8.5042,20.8252,90.0,90.0,120.0,0.000595,10.1149/1.2086597,Close Match
9s4,Li7.8Al1.8Ti10.2P18.0O72.0,167,8.5004,8.5004,20.8156,90.0,90.0,120.0,0.000722,10.1149/1.2086597,Close Match
iqt,Li8.4Al2.4Ti9.6P18.0O72.0,167,8.4955,8.4955,20.7992,90.0,90.0,120.0,0.000388,10.1149/1.2086597,Close Match
xa0,Li9.0Al3.0Ti9.0P18.0O72.0,167,8.4935,8.4935,20.7994,90.0,90.0,120.0,0.000248,10.1149/1.2086597,Close Match
f4x,Li7.2Cr1.2Ti10.8P18.0O72.0,167,8.5189,8.5189,20.8643,90.0,90.0,120.0,1.82e-05,10.1149/1.2086597,No Match
txm,Li7.8Cr1.8Ti10.2P18.0O72.0,167,8.5203,8.5203,20.8702,90.0,90.0,120.0,3.51e-05,10.1149/1.2086597,No Match
v1t,Li8.4Cr2.4Ti9.6P18.0O72.0,167,8.522,8.522,20.88,90.0,90.0,120.0,0.000149,10.1149/1.2086597,No Match
d6b,Li9.0Cr3.0Ti9.0P18.0O72.0,167,8.5218,8.5218,20.8829,90.0,90.0,120.0,0.000386,10.1149/1.2086597,No Match
x9a,Li7.2Ga1.2Ti10.8P18.0O72.0,167,8.5156,8.5156,20.8451,90.0,90.0,120.0,0.000162,10.1149/1.2086597,No Match
3ta,Li7.8Ga1.8Ti10.2P18.0O72.0,167,8.5175,8.5175,20.8541,90.0,90.0,120.0,0.000261,10.1149/1.2086597,No Match
gjy,Li8.4Ga2.4Ti9.6P18.0O72.0,167,8.5136,8.5136,20.8588,90.0,90.0,120.0,0.000128,10.1149/1.2086597,No Match
lz8,Li9.0Ga3.0Ti9.0P18.0O72.0,167,8.5159,8.5159,20.8419,90.0,90.0,120.0,0.000122,10.1149/1.2086597,No Match
6st,Li7.2Fe1.2Ti10.8P18.0O72.0,167,8.5213,8.5213,20.8648,90.0,90.0,120.0,0.00018,10.1149/1.2086597,No Match
t9r,Li7.8Fe1.8Ti10.2P18.0O72.0,167,8.5262,8.5262,20.865,90.0,90.0,120.0,0.000246,10.1149/1.2086597,No Match
xr7,Li8.4Fe2.4Ti9.6P18.0O72.0,167,8.5301,8.5301,20.8889,90.0,90.0,120.0,0.000392,10.1149/1.2086597,No Match
pg8,Li9.0Fe3.0Ti9.0P18.0O72.0,167,8.5367,8.5367,20.8932,90.0,90.0,120.0,0.000174,10.1149/1.2086597,Close Match
1wm,Li7.2Sc1.2Ti10.8P18.0O72.0,167,8.5482,8.5482,20.9418,90.0,90.0,120.0,0.00069,10.1149/1.2086597,No Match
do2,Li7.8Sc1.8Ti10.2P18.0O72.0,167,8.5645,8.5645,20.985,90.0,90.0,120.0,0.000703,10.1149/1.2086597,No Match
uaj,Li8.4Sc2.4Ti9.6P18.0O72.0,167,8.5651,8.5651,20.9948,90.0,90.0,120.0,0.000515,10.1149/1.2086597,No Match
5u3,Li7.2In1.2Ti10.8P18.0O72.0,167,8.544,8.544,20.948,90.0,90.0,120.0,0.00039,10.1149/1.2086597,No Match
2eq,Li7.8In1.8Ti10.2P18.0O72.0,167,8.5495,8.5495,20.9586,90.0,90.0,120.0,0.000393,10.1149/1.2086597,No Match
yn6,Li8.4In2.4Ti9.6P18.0O72.0,167,8.5626,8.5626,21.0066,90.0,90.0,120.0,0.000302,10.1149/1.2086597,No Match
8jy,Li9.0In3.0Ti9.0P18.0O72.0,167,8.5695,8.5695,21.0089,90.0,90.0,120.0,0.000204,10.1149/1.2086597,No Match
p4l,Li7.2La1.2Ti10.8P18.0O72.0,167,8.5117,8.5117,20.8537,90.0,90.0,120.0,8e-05,10.1149/1.2086597,No Match
qkr,Li7.8La1.8Ti10.2P18.0O72.0,167,8.5119,8.5119,20.8513,90.0,90.0,120.0,0.000523,10.1149/1.2086597,No Match
e0z,Li8.4La2.4Ti9.6P18.0O72.0,167,8.5108,8.5108,20.8492,90.0,90.0,120.0,0.000498,10.1149/1.2086597,No Match
vus,Li9.0La3.0Ti9.0P18.0O72.0,167,8.5218,8.5218,20.8621,90.0,90.0,120.0,0.000281,10.1149/1.2086597,No Match
h7r,Li6.0Ti8.4Sn3.6P18.0O72.0,167,8.5491,8.5491,21.0473,90.0,90.0,120.0,2.28e-05,10.1016/j.physb.2011.11.006,Match
9ky,Li6.0Ti3.6Sn8.4P18.0O72.0,167,8.5983,8.5983,21.2868,90.0,90.0,120.0,9.42e-06,10.1016/j.physb.2011.11.006,Match
4ea,Li6.0Ti2.4Sn9.6P18.0O72.0,167,8.6121,8.6121,21.3574,90.0,90.0,120.0,3.15e-06,10.1016/j.physb.2011.11.006,Match
z7n,Li5.16Hf12.21P18.0O72.0,167,8.8306,8.8306,22.027,90.0,90.0,120.0,9.2e-08,10.1021/cm970078n,Match
7kf,Li10.2Al1.8Ti9.6P18.0O72.0,167,8.46,8.46,20.69,90.0,90.0,120.0,0.00122,10.1016/s0167-2738(00)00493-8,No Match
i8k,Li7.2In1.2Ti10.8P18.0O72.0,167,8.55,8.55,20.96,90.0,90.0,120.0,8.22e-05,10.1021/cm030422i,No Match
hzf,Li7.8Al1.2Sc0.6Ti10.2P18.0O72.0,167,8.5169,8.5169,20.916,90.0,90.0,120.0,0.000972,10.1016/j.ssi.2012.03.045,No Match
x61,Li7.8Al0.9Sc0.9Ti10.2P18.0O72.0,167,8.5244,8.5244,20.9553,90.0,90.0,120.0,0.00124,10.1016/j.ssi.2012.03.045,No Match
czo,Li7.8Al0.6Sc1.2Ti10.2P18.0O72.0,167,8.5322,8.5322,21.0039,90.0,90.0,120.0,0.000429,10.1016/j.ssi.2012.03.045,No Match
o8s,Li7.8Sc1.8Ti10.2P18.0O72.0,167,8.5529,8.5529,21.058,90.0,90.0,120.0,0.000452,10.1016/j.ssi.2012.03.045,No Match
lap,Li7.8Al1.8Ti10.2P18.0O72.0,167,8.5012,8.5012,20.8416,90.0,90.0,120.0,0.00113,10.1016/j.ssi.2012.03.045,Close Match
yp3,Li6.0Ti12.0P18.0O72.0,167,8.5087,8.5087,20.9089,90.0,90.0,120.0,6e-05,10.1016/j.ssi.2014.07.018,No Match
tzl,Li6.3Al0.3Ti11.7P18.0O72.0,167,8.5066,8.5066,20.9085,90.0,90.0,120.0,0.0011,10.1016/j.ssi.2014.07.018,No Match
hyj,Li6.6Al0.6Ti11.4P18.0O72.0,167,8.5068,8.5068,20.8905,90.0,90.0,120.0,0.00067,10.1016/j.ssi.2014.07.018,No Match
mg4,Li7.8Al1.8Ti10.2P18.0O72.0,167,8.4941,8.4941,20.8586,90.0,90.0,120.0,0.0062,10.1016/j.ssi.2014.07.018,Close Match
50s,Li8.4Al2.4Ti9.6P18.0O72.0,167,8.4882,8.4882,20.8571,90.0,90.0,120.0,0.0033,10.1016/j.ssi.2014.07.018,No Match
d4q,Li6.3Cr0.3Ti11.7P18.0O72.0,167,8.5093,8.5093,20.915,90.0,90.0,120.0,0.00018,10.1016/j.ssi.2014.07.018,No Match
6he,Li6.6Cr0.6Ti11.4P18.0O72.0,167,8.5126,8.5126,20.9212,90.0,90.0,120.0,0.00026,10.1016/j.ssi.2014.07.018,No Match
pwy,Li7.2Cr1.2Ti10.8P18.0O72.0,167,8.5132,8.5132,20.9271,90.0,90.0,120.0,0.00043,10.1016/j.ssi.2014.07.018,No Match
y9l,Li7.8Cr1.8Ti10.2P18.0O72.0,167,8.5183,8.5183,20.9177,90.0,90.0,120.0,0.00029,10.1016/j.ssi.2014.07.018,No Match
rc1,Li6.3Fe0.3Ti11.7P18.0O72.0,167,8.5125,8.5125,20.8871,90.0,90.0,120.0,0.00013,10.1016/j.ssi.2014.07.018,No Match
lzt,Li6.6Fe0.6Ti11.4P18.0O72.0,167,8.5137,8.5137,20.8822,90.0,90.0,120.0,0.00063,10.1016/j.ssi.2014.07.018,No Match
kbp,Li7.2Fe1.2Ti10.8P18.0O72.0,167,8.5213,8.5213,20.9211,90.0,90.0,120.0,0.0014,10.1016/j.ssi.2014.07.018,No Match
b9u,Li7.8Fe1.8Ti10.2P18.0O72.0,167,8.5239,8.5239,20.9215,90.0,90.0,120.0,0.0023,10.1016/j.ssi.2014.07.018,No Match
3uq,Li7.8Al1.8Ge10.2P18.0O72.0,167,8.26189,8.26189,20.5646,90.0,90.0,120.0,8.24e-05,10.1021/acsami.8b00842,Match
1dm,Li9.6Al3.6Ge8.4P18.0O72.0,167,8.2526,8.2526,20.6831,90.0,90.0,120.0,0.000284,10.1021/acsami.8b00842,Match
rg6,Li8.4Al2.4Ti9.6P18.0O72.0,167,8.4975,8.4975,20.7921,90.0,90.0,120.0,0.00338,10.1016/j.jeurceramsoc.2014.11.023,No Match
ed4,Li7.2Al1.2Ge10.8P18.0O72.0,167,8.283,8.283,20.471,90.0,90.0,120.0,7.94e-05,10.1016/j.jeurceramsoc.2014.11.023,No Match
vg0,Li9.0Al3.0Ge9.0P18.0O72.0,167,8.2828,8.2828,20.5014,90.0,90.0,120.0,0.00019,10.1016/j.jeurceramsoc.2014.11.023,Close Match
z9y,Li7.2Al1.2Ti10.8P18.0O72.0,167,8.502,8.502,20.818,90.0,90.0,120.0,0.00338,10.1016/j.jeurceramsoc.2014.11.023,Close Match
w3n,Li8.4Al2.4Ti9.6P18.0O72.0,167,8.503,8.503,20.847,90.0,90.0,120.0,0.00112,10.1016/j.materresbull.2007.08.007,No Match
ym6,Li7.8Al1.8Ti10.2P18.0O72.0,167,8.5033,8.5033,20.8312,90.0,90.0,120.0,0.00121,10.1016/j.ssi.2014.07.018|10.1016/j.ssi.2016.07.010,Close Match
nng,Li9.6Al3.6Ge4.8P18.0Ti3.6O72.0,167,8.383,8.383,20.637,90.0,90.0,120.0,0.0007,10.1021/cm021717j,No Match
qno,Li6.0Ti12.0P18.0O72.0,167,8.509,8.509,20.853,90.0,90.0,120.0,3.83e-07,10.1021/jp973296c,Close Match
oxc,Li8.4Al2.4Ti9.6P18.0O72.0,167,8.5,8.5,20.81,90.0,90.0,120.0,0.00563,10.1039/c5ta08545d,No Match
dq4,Li7.8Al0.6Sc1.2Ti10.2P18.0O72.0,167,8.5244,8.5244,20.925,90.0,90.0,120.0,0.000426,10.1007/s10008-012-1780-x,No Match
0fa,Li7.8Al1.2Sc0.6Ti10.2P18.0O72.0,167,8.5216,8.5216,20.917,90.0,90.0,120.0,0.000269,10.1007/s10008-012-1780-x,No Match
rr5,Li6.0Ti12.0P18.0O72.0,167,8.5135,8.5135,20.8705,90.0,90.0,120.0,7.2e-05,10.1007/s11164-013-1348-0,Close Match
6j9,Li6.9Fe0.9Ti11.1P18.0O72.0,167,8.5188,8.5188,20.8472,90.0,90.0,120.0,0.000522,10.1007/s11164-013-1348-0,No Match
0x9,Li7.2Sc1.2Ti10.8P18.0O72.0,167,8.536,8.536,20.922,90.0,90.0,120.0,0.000246,10.1016/0167-2738(86)90179-7,No Match
iwe,Li7.8Sc1.8Ti10.2P18.0O72.0,167,8.559,8.559,20.964,90.0,90.0,120.0,0.000407,10.1016/0167-2738(86)90179-7,No Match
ib2,Li6.6Sc0.6Ti11.4P18.0O72.0,167,8.522,8.522,20.889,90.0,90.0,120.0,0.000158,10.1016/0167-2738(86)90179-7,No Match
ppz,Li7.8In1.8Hf10.2P18.0O72.0,167,8.82,8.82,21.933,90.0,90.0,120.0,1e-05,10.1016/0167-2738(86)90179-7,No Match
ci1,Li6.0Ti1.2Zr10.8P18.0O72.0,167,8.828,8.828,21.978,90.0,90.0,120.0,5.6e-08,10.1016/0167-2738(86)90179-7,No Match
08e,Li6.0Ti10.8Zr1.2P18.0O72.0,167,8.54,8.54,20.985,90.0,90.0,120.0,8.5e-08,10.1016/0167-2738(86)90179-7,No Match
xkh,Li6.0Ti0.6Zr11.4P18.0O72.0,167,8.845,8.845,22.057,90.0,90.0,120.0,3.2e-08,10.1016/0167-2738(86)90179-7,No Match
wng,Li7.2In1.2Hf10.8P18.0O72.0,167,8.815,8.815,21.954,90.0,90.0,120.0,4e-06,10.1016/0167-2738(86)90179-7,No Match
ncr,Li6.0Hf12.0P18.0O72.0,167,8.809,8.809,21.98,90.0,90.0,120.0,6.85e-07,10.1016/0167-2738(93)90387-i,No Match
dx2,Li6.6Fe0.6Hf11.4P18.0O72.0,167,8.822,8.822,21.997,90.0,90.0,120.0,0.000107,10.1016/0167-2738(93)90387-i,No Match
6xc,Li6.6In0.6Hf11.4P18.0O72.0,167,8.831,8.831,22.036,90.0,90.0,120.0,5.13e-05,10.1016/0167-2738(93)90387-i,No Match
21m,Li6.6Lu0.6Hf11.4P18.0O72.0,167,8.839,8.839,22.046,90.0,90.0,120.0,5.88e-05,10.1016/0167-2738(93)90387-i,No Match
4k1,Li6.6Sc0.6Hf11.4P18.0O72.0,167,8.837,8.837,21.965,90.0,90.0,120.0,2.45e-05,10.1016/0167-2738(93)90387-i,No Match
gzp,Li7.2Lu1.2Hf10.8P18.0O72.0,167,8.836,8.836,21.997,90.0,90.0,120.0,9.79e-05,10.1016/0167-2738(93)90387-i,No Match
lh8,Li7.8Cr1.8Hf10.2P18.0O72.0,167,8.798,8.798,21.929,90.0,90.0,120.0,5.26e-07,10.1016/0167-2738(93)90387-i,No Match
ew5,Li7.8Fe1.8Hf10.2P18.0O72.0,167,8.809,8.809,21.889,90.0,90.0,120.0,5.4e-05,10.1016/0167-2738(93)90387-i,No Match
9l3,Li7.8In1.8Hf10.2P18.0O72.0,167,8.84,8.84,21.995,90.0,90.0,120.0,0.000142,10.1016/0167-2738(93)90387-i,No Match
jdk,Li7.8Lu1.8Hf10.2P18.0O72.0,167,8.843,8.843,21.995,90.0,90.0,120.0,3.56e-05,10.1016/0167-2738(93)90387-i,No Match
h8a,Li7.8Sc1.8Hf10.2P18.0O72.0,167,8.857,8.857,21.995,90.0,90.0,120.0,8.32e-05,10.1016/0167-2738(93)90387-i,No Match
jq7,Li7.8Y1.8Hf10.2P18.0O72.0,167,8.835,8.835,21.957,90.0,90.0,120.0,3.19e-05,10.1016/0167-2738(93)90387-i,No Match
ylt,Li8.4In2.4Hf9.6P18.0O72.0,167,8.836,8.836,21.926,90.0,90.0,120.0,0.000142,10.1016/0167-2738(93)90387-i,No Match
gnq,Li8.4Lu2.4Hf9.6P18.0O72.0,167,8.877,8.877,21.946,90.0,90.0,120.0,2.06e-05,10.1016/0167-2738(93)90387-i,No Match
sso,Li8.4Y2.4Hf9.6P18.0O72.0,167,8.863,8.863,21.91,90.0,90.0,120.0,2.09e-05,10.1016/0167-2738(93)90387-i,No Match
lpx,Li6.9Y0.9Zr11.1P18.0O72.0,167,8.8727,8.8727,22.1578,90.0,90.0,120.0,7.1e-05,10.1016/j.jpowsour.2013.03.175,Match
f7p,Li7.8Al1.2Y0.6Ti10.2P18.0O72.0,167,8.5054,8.5054,20.8247,90.0,90.0,120.0,0.00012,10.1016/j.ssi.2012.05.011,No Match
l8t,Li7.8Al0.6Y1.2Ti10.2P18.0O72.0,167,8.5109,8.5109,20.8372,90.0,90.0,120.0,7.3e-05,10.1016/j.ssi.2012.05.011,No Match
3tt,Li7.8Al0.9Y0.9Ti10.2P18.0O72.0,167,8.5069,8.5069,20.8226,90.0,90.0,120.0,1.9e-05,10.1016/j.ssi.2012.05.011,No Match
za6,Li6.6Al0.6Ge11.4P18.0O72.0,167,8.262,8.262,20.44,90.0,90.0,120.0,2.9e-06,10.1016/s0955-2219(99)00055-2,No Match
ag1,Li7.8Al1.8Ge10.2P18.0O72.0,167,8.274,8.274,20.53,90.0,90.0,120.0,3.9e-05,10.1016/s0955-2219(99)00055-2,No Match
u5t,Li9.0Al3.0Ge9.0P18.0O72.0,167,8.25,8.25,20.56,90.0,90.0,120.0,0.00028,10.1016/s0955-2219(99)00055-2,No Match
0y6,Li9.6Al3.6Ge8.4P18.0O72.0,167,8.265,8.265,20.64,90.0,90.0,120.0,0.00014,10.1016/s0955-2219(99)00055-2,No Match
yq2,Li6.6Al0.6Ti11.4P18.0O72.0,167,8.508,8.508,20.855,90.0,90.0,120.0,3e-05,10.1016/s0955-2219(99)00055-2,Close Match
kab,Li7.8Al1.8Ti10.2P18.0O72.0,167,8.498,8.498,20.896,90.0,90.0,120.0,3.75e-05,10.1016/S0955-2219(99)00055-2,Close Match
tp2,Li9.6Al3.6Ti8.4P18.0O72.0,167,8.479,8.479,20.981,90.0,90.0,120.0,2.3e-05,10.1016/s0955-2219(99)00055-2,No Match
nf0,Li9.0Al3.0Ti9.0P18.0O72.0,167,8.485,8.485,20.79,90.0,90.0,120.0,1.1e-05,10.1021/cm010528i,No Match
fkt,Li7.2La1.2Ti10.8P18.0O72.0,167,8.511,8.511,20.853,90.0,90.0,120.0,0.000528,10.1149/1.2096693,No Match
ctg,Li7.8La1.8Ti10.2P18.0O72.0,167,8.512,8.512,20.854,90.0,90.0,120.0,0.000528,10.1149/1.2096693,No Match
cmn,Li10.8Cr4.8Ti7.2P18.0O72.0,167,8.539,8.539,20.947,90.0,90.0,120.0,0.00024,10.1016/0167-2738(88)90291-3,No Match
lc1,Li7.2Al6.6Ta5.4P18.0O72.0,167,8.513,8.513,21.229,90.0,90.0,120.0,6.5e-07,10.1039/a807007e,No Match
sxv,Li6.0Al6.0Ta6.0P18.0O72.0,167,8.542,8.542,20.815,90.0,90.0,120.0,6.5e-07,10.1039/a807007e,No Match
4t5,Li6.0Cr6.0Sb6.0P18.0O72.0,167,8.38,8.38,21.46,90.0,90.0,120.0,3.57e-10,10.1063/1.2357843,No Match
smk,Li6.0Al6.0Sb6.0P18.0O72.0,167,8.24,8.24,21.13,90.0,90.0,120.0,3.17e-08,10.1063/1.2357843,No Match
vtr,Li6.0Fe6.0Sb6.0P18.0O72.0,167,8.44,8.44,21.48,90.0,90.0,120.0,1.37e-06,10.1063/1.2357843,No Match
dc8,Li18.0Mg6.0P8.0O32.0F6.0,173,12.6159,12.6159,5.0082,90.0,90.0,120.0,1e-15,10.1039/c3ta15264b,Match
hai,Pb6.12Ca1.9Li1.96P6.0O24.0,176,9.679,9.679,7.113,90.0,90.0,120.0,1e-15,10.1006/jssc.2002.9596,Match
ux3,Li0.57Sm9.02Si6.0O25.82,176,9.4601,9.4601,6.9113,90.0,90.0,120.0,1e-15,10.1016/0167-2738(95)00240-5,Match
tvf,Li12.0N8.0H16.0I4.0,186,7.09109,7.09109,11.5096,90.0,90.0,120.0,1e-05,10.1021/cm1006857,Match
u8r,Ba3.0Li1.0Ta5.0Zr1.0Si4.0O26.0,189,9.0495,9.0495,7.8198,90.0,90.0,120.0,1e-15,10.1016/j.ssi.2015.08.011,Match
gvd,Li3.0N1.0,191,3.648,3.648,3.875,90.0,90.0,120.0,0.0005767,10.1039/c0ee00052c,Match
uex,Fe4.0Na4.0K2.0Li6.0Si24.0O60.0,192,10.0617,10.0617,14.0832,90.0,90.0,120.0,1e-15,10.1016/j.jssc.2018.05.008,Match
11b,Li6.0P2.0,194,4.273,4.273,7.594,90.0,90.0,120.0,0.000703,10.1016/0167-2738(89)90438-4,Match
fft,Li6.0N2.0,194,3.552,3.552,6.311,90.0,90.0,120.0,0.0002085,10.1016/0167-2738(83)90045-0,Match
lf5,Li48.0Ba8.0La16.0Nb16.0O96.0,199,12.86,12.86,12.86,90.0,90.0,90.0,6e-06,10.1111/j.1551-2916.2005.00060.x,No Match
68u,Li40.0La24.0Nb16.0O96.0,199,12.762,12.762,12.762,90.0,90.0,90.0,8e-06,10.1111/j.1551-2916.2005.00060.x,Close Match
gyw,Li48.0Sr8.0La16.0Ta16.0O96.0,199,12.811,12.811,12.811,90.0,90.0,90.0,4.2e-06,10.1111/j.1551-2916.2005.00060.x,No Match
0v9,Li44.0La24.0Nb14.0In2.0O96.0,199,12.821,12.821,12.821,90.0,90.0,90.0,2.4e-05,10.1016/j.jssc.2005.12.025,No Match
qtc,Li44.0La22.0K2.0Nb16.0O96.0,199,12.7937,12.7937,12.7937,90.0,90.0,90.0,1.06e-05,10.1016/j.jssc.2005.12.025,No Match
vy5,K0.4Li3.6Sb4.0O12.0,201,9.681,9.681,9.681,90.0,90.0,90.0,1.36e-08,10.1016/0167-2738(81)90178-8,Match
rwr,Li64.0Ge8.0P32.0,205,11.802,11.802,11.802,90.0,90.0,90.0,1.8e-05,10.1021/acs.chemmater.8b02759,Match
pql,Li64.0Si8.0P32.0,205,11.7074,11.7074,11.7074,90.0,90.0,90.0,4.5e-05,10.1021/acs.chemmater.8b02759,Match
br1,Li48.0Al16.0N32.0,206,9.47,9.47,9.47,90.0,90.0,90.0,5e-08,10.1016/0167-2738(85)90106-7,Close Match
dl7,Li8.0Mg4.0Ti12.0O32.0,212,8.3774,8.3774,8.3774,90.0,90.0,90.0,1e-15,10.1039/a800234g,Match
i12,Li8.0Co4.0Ti12.0O32.0,212,8.3766,8.3766,8.3766,90.0,90.0,90.0,1e-15,10.1039/a800234g,Match
aui,Li8.0Co4.0Ge12.0O32.0,212,8.2098,8.2098,8.2098,90.0,90.0,90.0,1e-15,10.1039/a800234g,Match
mfs,Li8.0Zn4.0Ge12.0O32.0,212,8.1961,8.1961,8.1961,90.0,90.0,90.0,1e-15,10.1039/a800234g,Match
jl4,Li8.56Mg3.16Ti12.28O32.0,212,8.3792,8.3792,8.3792,90.0,90.0,90.0,6.56e-10,10.1016/j.ssi.2010.06.003,Match
jkq,Li7.96Mg4.04Ti12.0O32.0,212,8.3806,8.3806,8.3806,90.0,90.0,90.0,1.53e-11,10.1016/j.ssi.2010.06.003,Match
jy6,Li24.0P4.0O20.0Cl4.0,216,8.2234,8.2234,8.2234,90.0,90.0,90.0,1e-09,10.1002/zaac.201000121,Match
yav,Li8.0V4.0Cl16.0,216,10.377,10.377,10.377,90.0,90.0,90.0,6.95e-06,10.1016/0167-2738(83)90223-0,Close Match
9yt,Li24.0P4.0S20.0Cl1.0Br3.0,216,9.953,9.953,9.953,90.0,90.0,90.0,0.00186,10.1021/jacs.7b06327,Match
122,Li24.0P4.0S20.0Cl4.0,216,9.898,9.898,9.898,90.0,90.0,90.0,0.00205,10.1021/jacs.7b06327,Match
ij5,Li24.0P4.0S20.0Cl2.0Br2.0,216,9.952,9.952,9.952,90.0,90.0,90.0,0.00333,10.1021/jacs.7b06327,Match
6jf,Li24.0P4.0S20.0Br4.0,216,10.02,10.02,10.02,90.0,90.0,90.0,0.00115,10.1021/jacs.7b06327,Match
ymc,Li24.0P4.0S20.0Br2.0I2.0,216,10.109,10.109,10.109,90.0,90.0,90.0,2.62e-05,10.1021/jacs.7b06327,Match
ywe,Li24.0P4.0S20.0I4.0,216,10.181,10.181,10.181,90.0,90.0,90.0,1.3e-06,10.1021/jacs.7b06327,Match
kgl,Li24.0P4.0S20.0Cl3.0Br1.0,216,9.8911,9.8911,9.8911,90.0,90.0,90.0,0.00226,10.1021/jacs.7b06327,Match
vqj,Li24.0P4.0S20.0Br3.0I1.0,216,10.0336,10.0336,10.0336,90.0,90.0,90.0,0.000112,10.1021/jacs.7b06327,Match
h82,Li24.0P4.0S20.0Br1.0I3.0,216,10.1108,10.1108,10.1108,90.0,90.0,90.0,4.72e-06,10.1021/jacs.7b06327,Match
9zr,Li24.0P4.0S20.0Br4.0,216,9.9773,9.9773,9.9773,90.0,90.0,90.0,0.000701,10.1039/c7ta08581h,Match
a8v,Li24.1P3.9Si0.1S20.0Br4.0,216,9.9819,9.9819,9.9819,90.0,90.0,90.0,0.000878,10.1039/c7ta08581h,Match
09w,Li24.2P3.8Si0.2S20.0Br4.0,216,9.9871,9.9871,9.9871,90.0,90.0,90.0,0.000437,10.1039/c7ta08581h,Match
x2v,Li24.3P3.7Si0.3S20.0Br4.0,216,9.9938,9.9938,9.9938,90.0,90.0,90.0,0.000873,10.1039/c7ta08581h,Match
bnh,Li24.4P3.8Si0.4S20.0Br4.0,216,10.0024,10.0024,10.0024,90.0,90.0,90.0,0.000799,10.1039/c7ta08581h,Match
x9d,Li24.5P3.5Si0.5S20.0Br4.0,216,10.0098,10.0098,10.0098,90.0,90.0,90.0,0.000902,10.1039/c7ta08581h,Match
ish,Li24.7P3.3Si0.7S20.0Br4.0,216,10.0193,10.0193,10.0193,90.0,90.0,90.0,0.000931,10.1039/c7ta08581h,Match
iiy,Li24.8P3.2Si0.8S20.0Br4.0,216,10.024,10.024,10.024,90.0,90.0,90.0,0.00169,10.1039/c7ta08581h,Match
3zo,Li24.9P3.1Si0.9S20.0Br4.0,216,10.0315,10.0315,10.0315,90.0,90.0,90.0,0.00108,10.1039/c7ta08581h,Match
vj7,Li25.0P3.0Si1.0S20.0Br4.0,216,10.0365,10.0365,10.0365,90.0,90.0,90.0,0.00141,10.1039/c7ta08581h,Match
wsd,Li25.2P2.8Si1.2S20.0Br4.0,216,10.0521,10.0521,10.0521,90.0,90.0,90.0,0.00165,10.1039/c7ta08581h,Match
10s,Li25.4P2.6Si1.4S20.0Br4.0,216,10.0468,10.0468,10.0468,90.0,90.0,90.0,0.00234,10.1039/c7ta08581h,Match
fkj,Li26.0P2.0Si2.0S20.0Br4.0,216,10.0521,10.0521,10.0521,90.0,90.0,90.0,0.00219,10.1039/c7ta08581h,Match
24k,Li28.0Ge12.0P4.0S48.0,216,9.80192,9.80192,9.80192,90.0,90.0,90.0,0.00011,10.1016/j.jssc.2016.12.001,Match
tt3,Li24.0P4.0S20.0Cl4.0,216,9.8397,9.8397,9.8397,90.0,90.0,90.0,0.0013,10.1016/j.ssi.2012.06.008,No Match
nig,Li24.0P4.0S20.0Br4.0,216,9.988,9.988,9.988,90.0,90.0,90.0,0.00277,10.1021/acs.inorgchem.8b02443,Match
z16,Li24.0P4.0S19.6Se0.4Br4.0,216,9.9902,9.9902,9.9902,90.0,90.0,90.0,0.0032,10.1021/acs.inorgchem.8b02443,Match
hbz,Li24.0P4.0S19.2Se0.8Br4.0,216,9.9946,9.9946,9.9946,90.0,90.0,90.0,0.00392,10.1021/acs.inorgchem.8b02443,Match
uut,Li24.0P4.0S18.8Se1.2Br4.0,216,9.9974,9.9974,9.9974,90.0,90.0,90.0,0.00362,10.1021/acs.inorgchem.8b02443,Match
cju,Li24.0P4.0S18.4Se1.6Br4.0,216,10.0079,10.0079,10.0079,90.0,90.0,90.0,0.00364,10.1021/acs.inorgchem.8b02443,Match
d9l,Li24.0P4.0S18.0Se2.0Br4.0,216,10.0176,10.0176,10.0176,90.0,90.0,90.0,0.00268,10.1021/acs.inorgchem.8b02443,Match
96f,Li24.0P4.0S17.6Se2.4Br4.0,216,10.0259,10.0259,10.0259,90.0,90.0,90.0,0.00278,10.1021/acs.inorgchem.8b02443,Match
1kq,Li24.0P4.0S17.2Se2.8Br4.0,216,10.0265,10.0265,10.0265,90.0,90.0,90.0,0.00301,10.1021/acs.inorgchem.8b02443,Match
c6e,Li24.0P4.0S16.8Se3.2Br4.0,216,10.0332,10.0332,10.0332,90.0,90.0,90.0,0.00348,10.1021/acs.inorgchem.8b02443,Match
t2c,Li24.0P4.0S16.4Se3.6Br4.0,216,10.0418,10.0418,10.0418,90.0,90.0,90.0,0.00382,10.1021/acs.inorgchem.8b02443,Match
dlj,Li24.0P4.0S16.0Se4.0Br4.0,216,10.0522,10.0522,10.0522,90.0,90.0,90.0,0.00361,10.1021/acs.inorgchem.8b02443,Match
w87,Li24.0P4.0S20.0Br4.0,216,9.98,9.98,9.98,90.0,90.0,90.0,3.2e-05,10.1002/pssa.201001117,Close Match
97p,Li24.0P4.0S20.0Cl4.0,216,9.85,9.85,9.85,90.0,90.0,90.0,3.3e-05,10.1002/pssa.201001117,Close Match
p9u,Li24.0P4.0S20.0I4.0,216,10.142,10.142,10.142,90.0,90.0,90.0,0.00022,10.1002/pssa.201001117,Close Match
5wz,Li24.0P4.0S20.0I4.0,216,10.1452,10.1452,10.1452,90.0,90.0,90.0,1.26e-06,10.1021/jacs.8b10282,Close Match
5gj,Li24.4P3.6Ge0.4S20.0I4.0,216,10.1669,10.1669,10.1669,90.0,90.0,90.0,8.86e-06,10.1021/jacs.8b10282,No Match
t17,Li24.6P3.4Ge0.6S20.0I4.0,216,10.1805,10.1805,10.1805,90.0,90.0,90.0,3.93e-05,10.1021/jacs.8b10282,No Match
kf7,Li24.8P3.2Ge0.8S20.0I4.0,216,10.1847,10.1847,10.1847,90.0,90.0,90.0,3.19e-05,10.1021/jacs.8b10282,No Match
utv,Li25.0P3.0Ge1.0S20.0I4.0,216,10.1931,10.1931,10.1931,90.0,90.0,90.0,0.00015,10.1021/jacs.8b10282,No Match
q9f,Li25.2P2.8Ge1.2S20.0I4.0,216,10.2058,10.2058,10.2058,90.0,90.0,90.0,0.00065,10.1021/jacs.8b10282,No Match
5qw,Li25.6P2.4Ge1.6S20.0I4.0,216,10.2297,10.2297,10.2297,90.0,90.0,90.0,0.0015,10.1021/jacs.8b10282,No Match
znj,Li26.0P2.0Ge2.0S20.0I4.0,216,10.2431,10.2431,10.2431,90.0,90.0,90.0,0.00186,10.1021/jacs.8b10282,No Match
pa1,Li26.4P1.6Ge2.4S20.0I4.0,216,10.2431,10.2431,10.2431,90.0,90.0,90.0,0.00521,10.1021/jacs.8b10282,Close Match
lxk,Li26.8P1.2Ge2.8S20.0I4.0,216,10.2851,10.2851,10.2851,90.0,90.0,90.0,0.00554,10.1021/jacs.8b10282,Match
1m8,Li27.2P0.8Ge3.2S20.0I4.0,216,10.2998,10.2998,10.2998,90.0,90.0,90.0,0.00258,10.1021/jacs.8b10282,Match
xnb,Li20.0P4.0S16.0B8.0H32.0,216,10.01,10.01,10.01,90.0,90.0,90.0,0.0018,10.1021/acsomega.8b00377,No Match
ga9,Li8.0Ce8.0B24.0H96.0Cl8.0,217,11.72,11.72,11.72,90.0,90.0,90.0,0.000103,10.1021/cm300792t,Match
240,Li64.0Ge8.0P32.0,218,11.7831,11.7831,11.7831,90.0,90.0,90.0,8.6e-05,10.1021/acs.chemmater.8b02759,Match
6l9,Li32.0B56.0O96.0Cl8.0,219,12.167,12.167,12.167,90.0,90.0,90.0,2e-06,10.1107/s0567740877009443,Match
mtr,Fe1.28La23.6Li45.44Zr16.0O96.0,220,12.9783,12.9783,12.9783,90.0,90.0,90.0,0.000935,10.1021/acs.chemmater.6b02516,Match
s2v,Fe1.52La23.6Li44.56Zr16.0O96.0,220,12.9769,12.9769,12.9769,90.0,90.0,90.0,0.00138,10.1021/acs.chemmater.6b02516,Match
4p7,Li3.0Cl1.0O1.0,221,3.91,3.91,3.91,90.0,90.0,90.0,0.025,10.1039/c3ta15087a,Close Match
gas,Li0.31La0.63Ti0.9Co0.1O3.0,221,3.8845,3.8845,3.8845,90.0,90.0,90.0,0.00026,10.1016/j.mseb.2004.07.003,Match
f5n,Li2.0O0.9H0.9F0.1Cl1.0,221,3.91,3.91,3.91,90.0,90.0,90.0,3.86e-05,10.1002/anie.201604554,No Match
hx7,Li2.0O1.0H1.0Br1.0,221,4.056,4.056,4.056,90.0,90.0,90.0,1.2e-06,10.1002/ange.201604554,Close Match
lk8,La0.55Li0.45Ti0.9Al0.1O3.0,221,3.8697,3.8697,3.8697,90.0,90.0,90.0,0.00151,10.1016/j.jallcom.2017.05.278,Match
lud,La0.6Li0.4Ti0.8Al0.2O3.0,221,3.8617,3.8617,3.8617,90.0,90.0,90.0,0.000568,10.1016/j.jallcom.2017.05.278,Match
vlm,La0.65Li0.35Ti0.7Al0.3O3.0,221,3.8594,3.8594,3.8594,90.0,90.0,90.0,0.000161,10.1016/j.jallcom.2017.05.278,Match
gwu,La0.7Li0.3Ti0.6Al0.4O3.0,221,3.8472,3.8472,3.8472,90.0,90.0,90.0,1.04e-07,10.1016/j.jallcom.2017.05.278,Match
oi4,Li0.38Sr0.44Hf0.25Ta0.75O3.0,221,3.992,3.992,3.992,90.0,90.0,90.0,0.00038,10.1021/acsami.6b03070,No Match
lcx,La0.6Sr0.06Li0.06Ti1.0O3.0,221,5.477,5.477,5.477,90.0,90.0,90.0,1.13e-05,10.1021/cm020609u,No Match
mam,La0.56Sr0.1Li0.1Ti1.0O3.0,221,5.481,5.481,5.481,90.0,90.0,90.0,1.37e-05,10.1021/cm020609u,No Match
0jx,La0.51Sr0.15Li0.15Ti1.0O3.0,221,5.489,5.489,5.489,90.0,90.0,90.0,5.3e-05,10.1021/cm020609u,No Match
lyq,La0.41Sr0.25Li0.25Ti1.0O3.0,221,5.495,5.495,5.495,90.0,90.0,90.0,7.64e-05,10.1021/cm020609u,No Match
2tt,La0.39Sr0.28Li0.28Ti1.0O3.0,221,5.497,5.497,5.497,90.0,90.0,90.0,6.04e-05,10.1021/cm020609u,No Match
xy0,La0.36Sr0.3Li0.3Ti1.0O3.0,221,5.499,5.499,5.499,90.0,90.0,90.0,1.92e-05,10.1021/cm020609u,No Match
epv,La0.58Li0.27Ti1.0O3.0,221,3.8771,3.8771,3.8771,90.0,90.0,90.0,0.000832,10.1016/s0167-2738(98)00070-8,No Match
v7r,La0.56Li0.33Ti1.0O3.0,221,3.8751,3.8751,3.8751,90.0,90.0,90.0,0.0013,10.1016/s0167-2738(98)00070-8,No Match
yhc,La0.55Li0.36Ti1.0O3.0,221,3.8738,3.8738,3.8738,90.0,90.0,90.0,0.00154,10.1016/s0167-2738(98)00070-8,No Match
q3c,La0.54Li0.39Ti1.0O3.0,221,3.8726,3.8726,3.8726,90.0,90.0,90.0,0.00125,10.1016/s0167-2738(98)00070-8,No Match
pdv,La0.52Li0.45Ti1.0O3.0,221,3.8723,3.8723,3.8723,90.0,90.0,90.0,0.000785,10.1016/s0167-2738(98)00070-8,No Match
sv7,La0.51Li0.34Ti1.0O2.94,221,3.871,3.871,3.871,90.0,90.0,90.0,0.001,10.1016/0167-2738(94)90309-3,No Match
qbb,Li3.0O1.0Br1.0,221,4.05,4.05,4.05,90.0,90.0,90.0,1.1e-06,10.1016/j.ssi.2015.11.027,Close Match
o23,Li0.25La0.25Ta1.0O3.0,221,3.9063,3.9063,3.9063,90.0,90.0,90.0,2.61e-05,10.1016/s0167-2738(98)00414-7,No Match
w1l,Li0.5Sr0.5Cr0.25Ta0.75O3.0,221,3.9503,3.9503,3.9503,90.0,90.0,90.0,6e-05,10.1016/s0378-7753(97)02645-1,No Match
jce,Li0.5Sr0.5Fe0.25Ta0.75O3.0,221,3.9639,3.9639,3.9639,90.0,90.0,90.0,0.0001,10.1016/s0378-7753(97)02645-1,No Match
9ph,Li0.76La2.68Ti3.6Co0.4O12.0,225,7.7722,7.7722,7.7722,90.0,90.0,90.0,0.000108,10.1016/j.mseb.2004.07.003,Match
kkn,Li24.0N4.0Br12.0,225,8.9334,8.9334,8.9334,90.0,90.0,90.0,1e-08,10.1016/j.jallcom.2015.01.082,Close Match
m0v,Li10.72Ti13.28O32.0,227,8.362,8.362,8.362,90.0,90.0,90.0,6.03e-08,10.1016/j.ssi.2010.06.003,Match
6du,Li10.14Mg0.8Ti13.07O32.0,227,8.3649,8.3649,8.3649,90.0,90.0,90.0,1.73e-08,10.1016/j.ssi.2010.06.003,Match
u0c,Li9.6Mg1.6Ti12.8O32.0,227,8.3666,8.3666,8.3666,90.0,90.0,90.0,4.24e-09,10.1016/j.ssi.2010.06.003,Match
xub,Li9.12Mg2.4Ti12.48O32.0,227,8.3703,8.3703,8.3703,90.0,90.0,90.0,1.51e-09,10.1016/j.ssi.2010.06.003,Match
bjw,Li16.0Mn8.0Cl32.0,227,10.481,10.481,10.481,90.0,90.0,90.0,4.79e-06,10.1016/0167-2738(83)90223-0,Close Match
dvn,Li16.0Mg8.0Cl32.0,227,10.416,10.416,10.416,90.0,90.0,90.0,6.24e-07,10.1016/0167-2738(83)90223-0,Close Match
t3k,Li15.2Mn7.2Ga0.8Cl32.0,227,10.4881,10.4881,10.4881,90.0,90.0,90.0,2.37e-07,10.1016/s0167-2738(96)00592-9,Match
uxi,Li13.2Mn5.2In2.8Cl32.0,227,10.4696,10.4696,10.4696,90.0,90.0,90.0,9.9e-08,10.1016/s0167-2738(96)00592-9,Match
r5y,Li1.6Cd8.0Cl32.0,227,10.635,10.635,10.635,90.0,90.0,90.0,5.8e-07,10.1016/0025-5408(81)90142-2,No Match
ek5,Li8.0Sr8.0Nb16.0O48.0F8.0,227,10.4837,10.4837,10.4837,90.0,90.0,90.0,1e-15,10.2497/jjspm.65.26,Match
xut,Li8.0Sr8.0Ta16.0O48.0F8.0,227,10.464,10.464,10.464,90.0,90.0,90.0,1e-15,10.2497/jjspm.65.26,Match
ckw,Li8.0Sr7.2Nb16.0O48.0F6.4,227,10.4909,10.4909,10.4909,90.0,90.0,90.0,1e-15,10.2497/jjspm.65.26,Match
yab,Li8.0Sr7.2Ta16.0O48.0F6.4,227,10.4687,10.4687,10.4687,90.0,90.0,90.0,1e-15,10.2497/jjspm.65.26,Match
ysm,Li8.8Sr8.0Nb15.2Zr0.8O48.0F8.0,227,10.4885,10.4885,10.4885,90.0,90.0,90.0,1e-15,10.2497/jjspm.65.26,Match
e81,Li8.8Sr8.0Ta15.2Zr0.8O48.0F8.0,227,10.4699,10.4699,10.4699,90.0,90.0,90.0,1e-15,10.2497/jjspm.65.26,Match
3qz,Li56.0La24.0Zr16.0O96.0,230,12.972,12.972,12.972,90.0,90.0,90.0,0.00012,10.1039/c2jm31413d,No Match
cjq,Li48.0Sr8.0La16.0Nb16.0O96.0,230,12.811,12.811,12.811,90.0,90.0,90.0,4.2e-06,10.1111/j.1551-2916.2005.00060.x,No Match
uaz,Li48.0Ca8.0La16.0Nb16.0O96.0,230,12.697,12.697,12.697,90.0,90.0,90.0,1.6e-06,10.1111/j.1551-2916.2005.00060.x,Close Match
aax,Li42.0Ba2.0La22.0Ta16.0O96.0,230,12.8427,12.8427,12.8427,90.0,90.0,90.0,7.41e-06,10.1007/s11581-007-0097-8,No Match
o86,Li44.0Ba4.0La20.0Ta16.0O96.0,230,12.8859,12.8859,12.8859,90.0,90.0,90.0,1.41e-05,10.1007/s11581-007-0097-8,No Match
coi,Li50.0Ba10.0La14.0Ta16.0O96.0,230,12.9934,12.9934,12.9934,90.0,90.0,90.0,4.99e-05,10.1007/s11581-007-0097-8,No Match
3vi,Li52.0Ba12.0La12.0Ta16.0O96.0,230,12.9855,12.9855,12.9855,90.0,90.0,90.0,3.08e-05,10.1007/s11581-007-0097-8,No Match
vwn,Li54.0Ba14.0La10.0Ta16.0O96.0,230,12.9813,12.9813,12.9813,90.0,90.0,90.0,1.18e-05,10.1007/s11581-007-0097-8,No Match
tlp,Li56.0Ba16.0La8.0Ta16.0O96.0,230,12.9646,12.9646,12.9646,90.0,90.0,90.0,2.85e-06,10.1007/s11581-007-0097-8,No Match
ka6,Li40.0La24.0Ta16.0O96.0,230,12.7814,12.7814,12.7814,90.0,90.0,90.0,6.61e-06,10.1007/s11581-007-0097-8,Close Match
7o7,Li48.0Ba8.0La16.0Ta16.0O96.0,230,12.9748,12.9748,12.9748,90.0,90.0,90.0,2.95e-05,10.1007/s11581-007-0097-8,Close Match
d6f,Li56.0La24.0Zr15.12Al1.2O96.0,230,13.0,13.0,13.0,90.0,90.0,90.0,0.00034,10.1016/j.jpowsour.2013.03.049,No Match
dvs,Li56.48La24.0Y0.48Zr15.52O96.0,230,12.9672,12.9672,12.9672,90.0,90.0,90.0,0.00081,10.1016/j.elecom.2011.08.014,No Match
3o4,Li50.0La24.0Zr16.0Ga2.0O96.0,230,12.971,12.971,12.971,90.0,90.0,90.0,0.00035,10.1016/j.matchemphys.2012.03.054,No Match
kji,Li51.2La24.0Zr11.2Ta4.8O96.0,230,12.922,12.922,12.922,90.0,90.0,90.0,0.001,10.1039/c2jm31413d,Close Match
gdr,Li49.6La24.0Zr9.6Ta6.4O96.0,230,12.908,12.908,12.908,90.0,90.0,90.0,0.00032,10.1039/c2jm31413d,Close Match
v1q,Li54.4La24.0Zr14.4Ta1.6O96.0,230,12.978,12.978,12.978,90.0,90.0,90.0,0.00073,10.1149/2.024205esl,No Match
4vd,Li54.0La24.0Zr14.0Ta2.0O96.0,230,12.9801,12.9801,12.9801,90.0,90.0,90.0,0.00063,10.1149/2.024205esl,No Match
5xk,Li53.2La24.0Zr13.2Ta2.8O96.0,230,12.9591,12.9591,12.9591,90.0,90.0,90.0,0.00046,10.1149/2.024205esl,No Match
2wb,Li52.8La24.0Zr12.8Ta3.2O96.0,230,12.947,12.947,12.947,90.0,90.0,90.0,0.00047,10.1149/2.024205esl,Close Match
zfg,Li52.4La24.0Zr12.4Ta3.6O96.0,230,12.9489,12.9489,12.9489,90.0,90.0,90.0,0.0004,10.1149/2.024205esl,No Match
6hq,Li48.0La24.0Zr8.0Ta8.0O96.0,230,12.89,12.89,12.89,90.0,90.0,90.0,0.00035,10.1149/2.024205esl,No Match
hcm,Li40.0La24.0Ta16.0O96.0,230,12.8311,12.8311,12.8311,90.0,90.0,90.0,3.4e-05,10.1149/2.024205esl,Close Match
e6a,Li53.6La24.0Zr13.6Ta2.4O96.0,230,12.9721,12.9721,12.9721,90.0,90.0,90.0,0.00069,10.1149/2.024205esl,Close Match
g5q,Li52.0La24.0Zr12.0Ta4.0O96.0,230,12.9187,12.9187,12.9187,90.0,90.0,90.0,0.00028,10.1149/2.024205esl,Close Match
4ie,Li48.4Ga2.0La24.0Zr16.0O94.4F1.6,230,12.9689,12.9689,12.9689,90.0,90.0,90.0,0.00128,10.1021/acsami.8b17656,Match
5z8,Li45.76Al2.08La24.0Zr12.0W2.0O96.0,230,12.954,12.954,12.954,90.0,90.0,90.0,0.00049,10.1021/acs.chemmater.5b02429,No Match
5d6,Li54.4La24.0Zr15.2Mo0.8O96.0,230,12.9697,12.9697,12.9697,90.0,90.0,90.0,8e-05,10.1021/acs.inorgchem.5b01895,No Match
ciq,Li52.8La24.0Zr14.4Mo1.6O96.0,230,12.969,12.969,12.969,90.0,90.0,90.0,0.000311,10.1021/acs.inorgchem.5b01895,No Match
suz,Li51.2La24.0Zr13.6Mo2.4O96.0,230,12.9552,12.9552,12.9552,90.0,90.0,90.0,0.000369,10.1021/acs.inorgchem.5b01895,No Match
1tk,Li49.6La24.0Zr12.8Mo3.2O96.0,230,12.9532,12.9532,12.9532,90.0,90.0,90.0,0.00034,10.1021/acs.inorgchem.5b01895,No Match
9o6,Li52.0La24.0Zr14.0Mo2.0O96.0,230,12.9556,12.9556,12.9556,90.0,90.0,90.0,0.000333,10.1021/acs.inorgchem.5b01895,Match
r07,Li54.0La24.0Zr15.0Te1.0O96.0,230,12.9469,12.9469,12.9469,90.0,90.0,90.0,0.00033,10.1016/j.jpowsour.2013.03.166,No Match
uht,Li52.0La24.0Zr14.0Te2.0O96.0,230,12.9134,12.9134,12.9134,90.0,90.0,90.0,0.00102,10.1016/j.jpowsour.2013.03.166,No Match
kbq,Li40.0La24.0Bi16.0O96.0,230,13.0652,13.0652,13.0652,90.0,90.0,90.0,1.9e-05,10.1016/j.mseb.2007.07.009,Match
uw9,Li48.0La16.0Sr8.0Bi16.0O96.0,230,13.0893,13.0893,13.0893,90.0,90.0,90.0,2e-05,10.1016/j.mseb.2007.07.009,Match
vqu,Li40.0Nd24.0Sb16.0O96.0,230,12.6624,12.6624,12.6624,90.0,90.0,90.0,1.3e-07,10.1016/j.materresbull.2007.04.002,Match
lpt,Li32.0Nd24.0Te8.0Sb8.0O96.0,230,12.6214,12.6214,12.6214,90.0,90.0,90.0,8.7e-09,10.1021/cm703677q,Match
xog,Li40.0La24.0Sb16.0O96.0,230,12.8566,12.8566,12.8566,90.0,90.0,90.0,7.8e-06,10.1016/j.materresbull.2007.10.035,Match
bi3,Li48.0Sr8.0La16.0Sb16.0O96.0,230,12.8933,12.8933,12.8933,90.0,90.0,90.0,6.3e-06,10.1016/j.materresbull.2007.10.035,Match
gcj,Li48.0La16.0Ca8.0Nb16.0O96.0,230,12.7218,12.7218,12.7218,90.0,90.0,90.0,1.33e-06,10.1016/j.ssi.2008.01.047,Match
20k,Li48.0La16.0Sr8.0Nb16.0O96.0,230,12.8308,12.8308,12.8308,90.0,90.0,90.0,3.69e-06,10.1016/j.ssi.2008.01.047,Match
jej,Li48.0Ca8.0La16.0Ta16.0O96.0,230,12.725,12.725,12.725,90.0,90.0,90.0,2.2e-06,10.1016/j.ssi.2008.10.022,Match
hud,Li48.0Ba8.0La16.0Ta16.0O96.0,230,13.001,13.001,13.001,90.0,90.0,90.0,1.3e-05,10.1016/j.ssi.2008.10.022,Match
4uu,Li49.2La24.0Zr14.0Ta2.0Ga1.6O96.0,230,12.95,12.95,12.95,90.0,90.0,90.0,0.00041,10.1016/j.jpowsour.2012.01.131,No Match
sdz,Li49.2La24.0Zr14.0Ta2.0Al1.6O96.0,230,12.95,12.95,12.95,90.0,90.0,90.0,0.00037,10.1016/j.jpowsour.2012.01.131,No Match
7w5,Li54.0La24.0Zr14.0Ta2.0O96.0,230,12.96,12.96,12.96,90.0,90.0,90.0,0.00087,10.1016/j.jpowsour.2012.01.131,Close Match
etz,Li56.0La24.0Zr16.0O96.0,230,12.9727,12.9727,12.9727,90.0,90.0,90.0,1.97e-06,10.1039/c1cp22108f,Close Match
ner,Li48.0Ba8.0La16.0Ta16.0O96.0,230,12.995,12.995,12.995,90.0,90.0,90.0,1.69e-05,10.1016/j.materresbull.2012.04.032,Match
z2s,Nd24.0Zr16.0Al4.0Li44.0O96.0,230,12.8158,12.8158,12.8158,90.0,90.0,90.0,3.9e-05,10.1039/c3ta13252h,Match
72f,Li50.08Al1.92La24.0Zr16.0O96.0,230,12.9633,12.9633,12.9633,90.0,90.0,90.0,0.00021,10.1016/j.ssi.2015.04.011,Match
j5g,Li48.0La24.0Nb12.0Y4.0O96.0,230,12.9136,12.9136,12.9136,90.0,90.0,90.0,0.000188,10.1021/jp304737x,Match
dvb,Li41.6La24.0Nb15.2Y0.8O96.0,230,12.8216,12.8216,12.8216,90.0,90.0,90.0,6.39e-05,10.1021/jp304737x,Match
cti,Li43.2La24.0Nb14.4Y1.6O96.0,230,12.8306,12.8306,12.8306,90.0,90.0,90.0,6.74e-05,10.1021/jp304737x,Match
2d1,Li44.0La24.0Nb14.0Y2.0O96.0,230,12.8582,12.8582,12.8582,90.0,90.0,90.0,9.18e-05,10.1021/jp304737x,Match
sqm,Li48.0Ba4.0Sr4.0La16.0Ta16.0O96.0,230,12.9205,12.9205,12.9205,90.0,90.0,90.0,7.1e-06,10.1021/am4060194,Match
zxr,Li48.0Sr8.0La16.0Ta16.0O96.0,230,12.8464,12.8464,12.8464,90.0,90.0,90.0,5.4e-06,10.1021/am4060194,Match
h89,Li48.0Ba8.0La16.0Ta16.0O96.0,230,12.9973,12.9973,12.9973,90.0,90.0,90.0,1.5e-05,10.1021/am4060194,Match
l9r,Li48.0Ca8.0La16.0Ta16.0O96.0,230,12.7088,12.7088,12.7088,90.0,90.0,90.0,2.2e-06,10.1021/am4060194,Match
544,Li48.0Ba8.0La16.0Ta16.0O96.0,199,12.946,12.946,12.946,90.0,90.0,90.0,4e-05,10.1002/adfm.200400044,No Match
ps0,Li48.0Sr8.0La16.0Ta16.0O96.0,199,12.808,12.808,12.808,90.0,90.0,90.0,7e-06,10.1002/adfm.200400044,No Match
ueu,Li45.92La24.0Zr12.0Ta4.0O96.0,230,12.93,12.93,12.93,90.0,90.0,90.0,0.000903,10.1002/aenm.201570062|10.1002/aenm.201500096,Match
uwh,La24.0Li40.64Ta12.08Zr3.12O96.0,230,12.84,12.84,12.84,90.0,90.0,90.0,0.000103,10.1002/aenm.201570062|10.1002/aenm.201500096,Match
wa3,Li51.2Al1.6La24Zr16O96,230,12.959,12.959,12.959,90.0,90.0,90.0,0.000254,10.1038/srep18053,Match
l6h,Li49.6Al1.6La24Zr14.4Ta1.6O96,230,12.958,12.958,12.958,90.0,90.0,90.0,0.000614,10.1038/srep18053,Match
gz8,Li40.0La24.0Ta16.0O96.0,230,12.8176,12.8176,12.8176,90.0,90.0,90.0,1.59e-05,10.1021/acs.inorgchem.7b00816,Match
419,Li42.4La24.0Ta14.8Sm1.2O96.0,230,12.8108,12.8108,12.8108,90.0,90.0,90.0,7.11e-06,10.1021/acs.inorgchem.7b00816,Match
c0g,Li44.0La24.0Ta14.0Sm2.0O96.0,230,12.8206,12.8206,12.8206,90.0,90.0,90.0,5.17e-06,10.1021/acs.inorgchem.7b00816,Match
kbu,Li45.6La24.0Ta13.2Sm2.8O96.0,230,12.8309,12.8309,12.8309,90.0,90.0,90.0,2.15e-05,10.1021/acs.inorgchem.7b00816,Match
fam,Li47.2La24.0Ta12.4Sm3.6O96.0,230,12.846,12.846,12.846,90.0,90.0,90.0,1.18e-05,10.1021/acs.inorgchem.7b00816,Match
dae,Li48.8La24.0Ta11.6Sm4.4O96.0,230,12.8525,12.8525,12.8525,90.0,90.0,90.0,1.4e-05,10.1021/acs.inorgchem.7b00816,Match
9p1,Li56.0La24.0Zr16.0O96.0,230,12.9682,12.9682,12.9682,90.0,90.0,90.0,0.000569,10.1016/j.ssi.2010.12.010,No Match
gkl,Li40.0La24.0Nb16.0O96.0,230,12.718,12.718,12.718,90.0,90.0,90.0,5.08e-06,10.1016/j.jpowsour.2011.05.031,Close Match
ijh,Li40.0La24.0Nb15.6Y0.4O96.0,230,12.717,12.717,12.717,90.0,90.0,90.0,1.34e-05,10.1016/j.jpowsour.2011.05.031,No Match
q46,Li40.0La24.0Nb15.2Y0.8O96.0,230,12.717,12.717,12.717,90.0,90.0,90.0,1.44e-05,10.1016/j.jpowsour.2011.05.031,No Match
8m3,Li40.0La24.0Nb14.8Y1.2O96.0,230,12.732,12.732,12.732,90.0,90.0,90.0,5.71e-06,10.1016/j.jpowsour.2011.05.031,No Match
zyx,Li40.0La24.0Nb14.4Y1.6O96.0,230,12.743,12.743,12.743,90.0,90.0,90.0,9.13e-06,10.1016/j.jpowsour.2011.05.031,No Match
qvu,Li40.0La24.0Nb14.0Y2.0O96.0,230,12.717,12.717,12.717,90.0,90.0,90.0,9.68e-06,10.1016/j.jpowsour.2011.05.031,No Match
v07,La24.0Zr16.0Ga4.0Li44.0O96.0,230,12.9697,12.9697,12.9697,90.0,90.0,90.0,0.0001,10.1039/c2dt31318a,No Match
whw,Li54.4La24.0Zr14.4Sb1.6O96.0,230,12.9755,12.9755,12.9755,90.0,90.0,90.0,5.9e-05,10.1039/c3cp50991e,No Match
duf,Li52.8La24.0Zr12.8Sb3.2O96.0,230,12.9596,12.9596,12.9596,90.0,90.0,90.0,0.00077,10.1039/c3cp50991e,Close Match
dll,Li51.2La24.0Zr11.2Sb4.8O96.0,230,12.9518,12.9518,12.9518,90.0,90.0,90.0,0.00066,10.1039/c3cp50991e,No Match
i90,Li49.6La24.0Zr9.6Sb6.4O96.0,230,12.9248,12.9248,12.9248,90.0,90.0,90.0,0.00045,10.1039/c3cp50991e,No Match
dm9,Li48.0La24.0Zr8.0Sb8.0O96.0,230,12.9237,12.9237,12.9237,90.0,90.0,90.0,0.00026,10.1039/c3cp50991e,No Match
bqx,Li24.0Nd24.0Te16.0O96.0,230,12.5625,12.5625,12.5625,90.0,90.0,90.0,1e-15,10.1021/cm060992t,No Match
32j,Li56.0La24.0Hf16.0O96.0,230,12.938,12.938,12.938,90.0,90.0,90.0,0.00024,10.1007/s11581-010-0486-2,No Match
z53,Li52.8La24.0Zr12.8Ta3.2O96.0,230,12.9594,12.9594,12.9594,90.0,90.0,90.0,0.000313,10.1021/am503731h,No Match
8y4,Li52.8La23.0Y1.0Zr12.8Ta3.2O96.0,230,12.9572,12.9572,12.9572,90.0,90.0,90.0,0.000317,10.1021/am503731h,No Match
ucw,Li52.8La22.0Y2.0Zr12.8Ta3.2O96.0,230,12.9506,12.9506,12.9506,90.0,90.0,90.0,0.000436,10.1021/am503731h,No Match
ff9,Li52.8La20.0Y4.0Zr12.8Ta3.2O96.0,230,12.9479,12.9479,12.9479,90.0,90.0,90.0,0.000226,10.1021/am503731h,No Match
2mn,Li56.0La24.0Zr16.0O96.0,230,12.968,12.968,12.968,90.0,90.0,90.0,0.000511,10.1002/anie.200701144,No Match
8ee,Li51.2Al1.52La24.0Zr16.0O94.4,230,12.972,12.972,12.972,90.0,90.0,90.0,0.00031,10.1016/j.jpowsour.2012.02.100,No Match
8k7,Li40.0La24.0Ta16.0O96.0,230,12.85,12.85,12.85,90.0,90.0,90.0,1.54e-06,10.1016/j.ssi.2009.11.015,No Match
b7v,Li40.0La24.0Bi16.0O96.0,230,13.052,13.052,13.052,90.0,90.0,90.0,2.2e-05,10.1016/j.ssi.2017.03.030,No Match
66a,Li54.0La24.0Zr14.0Nb2.0O96.0,230,12.9519,12.9519,12.9519,90.0,90.0,90.0,0.0008,10.1016/j.jpowsour.2010.11.089,No Match
3rh,Li52.0La24.0Nb10.0Y6.0O96.0,230,12.9488,12.9488,12.9488,90.0,90.0,90.0,0.00027,10.1021/jp304737x,Match
kh3,Li52.0La24.0Zr12.0Ta4.0O96.0,230,12.945,12.945,12.945,90.0,90.0,90.0,0.00092,10.1039/c2jm31413d,Close Match
zqx,Li52.8La24.0Zr12.8Ta3.2O96.0,230,12.948,12.948,12.948,90.0,90.0,90.0,0.00073,10.1039/c2jm31413d,No Match
o5q,Li54.4La24.0Zr14.4Ta1.6O96.0,230,12.964,12.964,12.964,90.0,90.0,90.0,0.00028,10.1039/c2jm31413d,Close Match
0ew,Li48.0La24.0Zr8.0Ta8.0O96.0,230,12.891,12.891,12.891,90.0,90.0,90.0,0.00016,10.1039/c2jm31413d,No Match
a6v,Li43.2La24.0Nb14.4Y6.0O96.0,230,12.9488,12.9488,12.9488,90.0,90.0,90.0,2.51e-05,10.1021/jp304737x,No Match
tbj,Li40.0La24.0Sb16.0O96.0,230,12.8467,12.8467,12.8467,90.0,90.0,90.0,3.33e-06,10.1016/j.ssi.2008.01.002,Match
dbs,Li52.0La24.0Zr12.0Ta4.0O96.0,230,12.954,12.954,12.954,90.0,90.0,90.0,0.000794,10.3389/fenrg.2016.00028,No Match
bt0,Li52.0La23.6Ba0.4Zr11.6Ta4.4O96.0,230,12.949,12.949,12.949,90.0,90.0,90.0,0.000832,10.3389/fenrg.2016.00028,No Match
dti,Li52.0La23.2Ba0.8Zr11.2Ta4.8O96.0,230,12.944,12.944,12.944,90.0,90.0,90.0,0.000834,10.3389/fenrg.2016.00028,No Match
7gm,Li52.0La22.4Ba1.6Zr10.4Ta5.6O96.0,230,12.952,12.952,12.952,90.0,90.0,90.0,0.000631,10.3389/fenrg.2016.00028,No Match
c71,Li52.0La21.6Ba2.4Zr9.6Ta6.4O96.0,230,12.964,12.964,12.964,90.0,90.0,90.0,0.000492,10.3389/fenrg.2016.00028,No Match
rgo,Li56.0La24.0Ta16.0O104.0,230,12.82,12.82,12.82,90.0,90.0,90.0,2.65e-06,10.1016/j.ssi.2009.07.002,No Match
ar1,Li16.0Sn4.0S12.0Se4.0,62,14.0934,8.07139,6.46112,90.0,90.0,90.0,7.5e-05,10.1021/acs.chemmater.0c04150,Match
cz2,Li16.0Sn4.0S4.0Se12.0,62,14.8164,8.16696,6.55387,90.0,90.0,90.0,9.5e-07,10.1021/acs.chemmater.0c04150,Match
klr,Li16.0Sn4.0S8.0Se8.0,62,14.6276,8.07968,6.48252,90.0,90.0,90.0,3.6e-05,10.1021/acs.chemmater.0c04150,Match
mn3,Li16.0Sn4.0Se16.0,62,14.9826,8.25908,6.6279,90.0,90.0,90.0,4.5e-08,10.1021/acs.chemmater.0c04150,Match
o0a,Li16.0Ge3.0Sn1.0Se16.0,62,14.7978,8.19907,6.50236,90.0,90.0,90.0,6e-06,10.1021/acs.chemmater.0c04150,Match
qer,Li16.0Ge2.0Sn2.0Se16.0,62,14.8804,8.20822,6.54131,90.0,90.0,90.0,1.8e-06,10.1021/acs.chemmater.0c04150,Match
aab,Li16.0Ge1.0Sn3.0Se16.0,62,14.9327,8.23052,6.58493,90.0,90.0,90.0,8.3e-07,10.1021/acs.chemmater.0c04150,Match
1ty,Li16.0Ge4.0S12.0Se4.0,62,14.2504,7.85208,6.22238,90.0,90.0,90.0,8.5e-06,10.1021/acs.chemmater.0c04150,Match
zv5,Li16.0Ge4.0S8.0Se8.0,62,14.4026,7.9744,6.30594,90.0,90.0,90.0,2.8e-05,10.1021/acs.chemmater.0c04150,Match
xk3,Li16.0Ge4.0Se16.0,62,14.5953,8.22373,6.49299,90.0,90.0,90.0,5e-06,10.1021/acs.chemmater.0c04150,Match
i4l,Li16.0Ge4.0S4.0Se12.0,62,14.4773,8.11467,6.41034,90.0,90.0,90.0,1.5e-05,10.1021/acs.chemmater.0c04150,Match
zzr,Li20.0Ge2.0P4.0S24.0,137,8.6877,8.6877,12.5827,90.0,90.0,90.0,0.0076,10.1021/jacs.0c10735,Match
kop,Li20.0Ge1.32Sn0.66P4.0S24.0,137,8.7068,8.7068,12.6394,90.0,90.0,90.0,0.0064,10.1021/jacs.0c10735,Match
rty,Li20.0Ge0.66Sn1.32P4.0S24.0,137,8.7182,8.7182,12.6876,90.0,90.0,90.0,0.0048,10.1021/jacs.0c10735,Match
kko,Li20.0Sn2.0P4.0S24.0,137,8.7297,8.7297,12.7428,90.0,90.0,90.0,0.0038,10.1021/jacs.0c10735,Match
